scenario,replicate,partial_r,standard_estimate,standard_se,standard_p,standard_ci_low,standard_ci_high,score_estimate,score_se,score_p,score_ci_low,score_ci_high
aligned,1,0.610041932935844,-0.3168879618959494,0.15100665125834034,0.036705078395705,-0.6140665637945468,-0.019709359997352016,-0.42521258936769724,0.11948053156315766,0.0004337161272590504,-0.6603515572173597,-0.19007362151803475
aligned,2,0.6752376417972104,-0.5131307767568473,0.15311812191218863,0.0009086712167643836,-0.8144647181165328,-0.21179683539716176,-0.4887216243039811,0.11312714241507674,2.1313215476187902e-05,-0.7113570541539209,-0.2660861944540412
aligned,3,0.6456001470897003,-0.10962269689410506,0.14726275409127643,0.45722184813128686,-0.3994333708472192,0.18018797705900905,-0.2488110445910024,0.11221350834849826,0.0273620587674979,-0.46964843279686075,-0.027973656385144013
aligned,4,0.6946633688032896,-0.5591682403818597,0.15479953246020794,0.00035635979773577847,-0.8638111699994405,-0.254525310764279,-0.4964407012971979,0.11223163528333682,1.3669032902702123e-05,-0.7173137635052762,-0.27556763908911963
aligned,5,0.6552098989595706,-0.06776694429862137,0.16231046813304817,0.6766039131938728,-0.3871912715805098,0.2516573829832671,-0.2276158355794485,0.12372573451763395,0.06681639859643967,-0.471109408384147,0.015877737225249988
aligned,6,0.6974350757300815,-0.32041859328177197,0.16048814757958654,0.0467893698175038,-0.636256623736494,-0.004580562827049883,-0.5221360179965733,0.11550620623692306,8.935229659119182e-06,-0.7494534709694327,-0.29481856502371384
aligned,7,0.6366277477655018,-0.32249355713432376,0.150526023066044,0.03297058646412673,-0.6187262906686508,-0.026260823599996763,-0.26455909420926094,0.11597739401809089,0.023251253858942684,-0.4928038497901491,-0.0363143386283728
aligned,8,0.6304830909317571,-0.4772350963353782,0.1387208323628337,0.0006644429029610899,-0.7502354090518666,-0.2042347836188898,-0.4249643897097263,0.10756512213185551,9.74560978903007e-05,-0.6366537039754365,-0.21327507544401605
aligned,9,0.6003080160677361,-0.14788086962835847,0.1574219802967303,0.3482931247049178,-0.4576847333843729,0.16192299412765596,-0.21594294875971706,0.1264198657835239,0.0886585851635494,-0.46473860079711465,0.03285270327768053
aligned,10,0.594135188635612,-0.45566917489568504,0.157315383243385,0.004053480321056503,-0.7652632574068623,-0.14607509238450772,-0.44170852767065716,0.12604469062840967,0.0005284434712562573,-0.6897658309780798,-0.1936512243632346
aligned,11,0.6321550292215458,-0.497848963738849,0.14650118596407505,0.0007707786977014255,-0.7861608841641794,-0.20953704331351858,-0.3835722037003745,0.11395398570271256,0.0008632928952164604,-0.6078348700103844,-0.15930953739036463
aligned,12,0.6773950038437297,-0.5110435805455201,0.1621570687813086,0.0017899927125254844,-0.8301660204303818,-0.19192114066065846,-0.44167632221961795,0.12024491778254107,0.0002842672268340124,-0.6783196103490183,-0.2050330340902176
aligned,13,0.6385062511008944,-0.21217750619663828,0.15722340578361504,0.178194965779024,-0.5215905785822823,0.0972355661890058,-0.23609732806488148,0.12110388020795702,0.052174642687945874,-0.47443106346206276,0.0022364073322997946
aligned,14,0.6434057848002033,-0.47494890257165473,0.1429567234645947,0.0010043580785753239,-0.7562853791916951,-0.19361242595161432,-0.45890946921971315,0.10982734681622214,3.867108927305956e-05,-0.6750508659323852,-0.24276807250704116
aligned,15,0.6524128661256977,-0.36424119703347296,0.13856647929727867,0.009018696251901647,-0.6369377454598578,-0.09154464860708811,-0.41859698107583027,0.1055109946193487,9.124530567382556e-05,-0.6262437503611716,-0.21095021179048892
aligned,16,0.666477591636415,-0.4670707159353146,0.15119554009819225,0.00219702633018551,-0.7646210479588679,-0.16952038391176127,-0.4076965301805589,0.1124467968661004,0.0003392122894975588,-0.6289930326916725,-0.18640002766944527
aligned,17,0.6041630820360672,-0.23402255015239412,0.1460042360362946,0.11003122461451963,-0.5213564813069158,0.053311381002127595,-0.14072975490692743,0.11633044618804285,0.22734340522292953,-0.36966932094566585,0.08820981113181095
aligned,18,0.6015119564354346,-0.36367284904156716,0.14855303366878964,0.014939677566581834,-0.6560227719463563,-0.0713229261367781,-0.2557491907201952,0.11972758818865972,0.0334920879528724,-0.491374368659158,-0.02012401278123238
aligned,19,0.6258842396477811,-0.6796082541794928,0.15523142092888068,1.6611498243508196e-05,-0.9851011331882213,-0.37411537517076426,-0.6255374105703235,0.12185569026261557,5.162775525346373e-07,-0.8653507162201527,-0.38572410492049436
aligned,20,0.6770244515604257,-0.2905985500499272,0.15396871862757658,0.060083231306613284,-0.593606451732235,0.01240935163238066,-0.08180454020097748,0.11254594466741707,0.4678894511647902,-0.3032961666486953,0.13968708624674037
aligned,21,0.6603470387451135,-0.19813480974871847,0.1532444355092664,0.1970390250612293,-0.499717334186484,0.10344771468904704,-0.38894400331940027,0.11784651744365644,0.0010834777841150914,-0.6208672138529163,-0.15702079278588424
aligned,22,0.6314212825400936,-0.4054699897311372,0.1459128410647465,0.0058028242312835486,-0.6926240570873501,-0.11831592237492428,-0.353137028070141,0.11334559219746496,0.002015917038076534,-0.5762023694352518,-0.13007168670503017
aligned,23,0.6449798133155793,-0.3628461851133731,0.15187363169098939,0.01751219867222273,-0.6617309902202471,-0.06396138000649909,-0.30343355901422897,0.1163933660666707,0.009597568910747869,-0.5324969520490831,-0.07437016597937485
aligned,24,0.6022131291560862,-0.3669299181633542,0.15252519344956197,0.016752648121241196,-0.667096986076864,-0.06676285024984441,-0.34229014714964867,0.12188055183528812,0.00530978316498007,-0.5821523806412012,-0.10242791365809614
aligned,25,0.6128979815296959,-0.2507491850156085,0.14759661605865473,0.09038866451173862,-0.5412168938202727,0.039718523789055715,-0.4585122685102891,0.11855435143319966,0.00013522086365978797,-0.6918285039285507,-0.22519603309202754
aligned,26,0.5958765053055003,-0.5119679768053353,0.14189843789071666,0.0003619556082696404,-0.7912217648508408,-0.2327141887598299,-0.4173533675678679,0.11335580119704203,0.0002751912425178379,-0.640438800353664,-0.1942679347820718
aligned,27,0.6575846993030626,-0.4764706605735036,0.1636743153827579,0.003874379617108103,-0.79857901677395,-0.1543623043730572,-0.4483459696583264,0.1236552865545437,0.0003391005283685639,-0.6917009001159292,-0.20499103920072356
aligned,28,0.6591226313649075,-0.5659513107570837,0.15063662205733797,0.00020691243088658394,-0.8624017012842005,-0.269500920229967,-0.5096322601235446,0.11352886528916697,1.0261113576044171e-05,-0.7330582848991962,-0.2862062353478929
aligned,29,0.6444280476598114,-0.31985269872420624,0.15655224043026209,0.0419244384407015,-0.6279449287516485,-0.011760468696763893,-0.23965518514735623,0.12059633001569325,0.047816021035485545,-0.47699005632139235,-0.0023203139733200817
aligned,30,0.6639313201470868,-0.4709819429151991,0.15357996492383738,0.002363692828334378,-0.7732247837131194,-0.16873910211727888,-0.4573000326710969,0.11479057240023494,8.545250083426164e-05,-0.6832091105763564,-0.23139095476583746
aligned,31,0.661549574228019,-0.16430296208521547,0.15997063513084508,0.30521760144085097,-0.4791225365666375,0.15051661239620653,-0.15285747702754626,0.12051889415671625,0.20567749650051514,-0.39003995360041865,0.0843249995453261
aligned,32,0.6335764966186666,-0.22727678589606673,0.15964899878466965,0.15561111019425997,-0.5414633853470534,0.08690981355491992,-0.3200616412690593,0.12410368861494889,0.010391838433491408,-0.5642990317917951,-0.07582425074632354
aligned,33,0.5965808694982527,-0.2676532176704464,0.1467981275248239,0.06926698909301558,-0.55654951419533,0.02124307885443716,-0.23479609579193303,0.11586503417282414,0.043613875683600714,-0.46281972599199034,-0.00677246559187572
aligned,34,0.6645999653335216,-0.5285600058601343,0.15032852300202953,0.0005064366480554901,-0.8244040625222202,-0.23271594919804844,-0.3755348476670413,0.11252720496221538,0.0009540796262424444,-0.5969895941738911,-0.15408010116019155
aligned,35,0.627533411002638,-0.1130234187617141,0.14562236614722232,0.4382836462578672,-0.39960583626570445,0.1735589987422763,-0.21578618578616848,0.11348066771500254,0.058204306213076235,-0.43911735721882267,0.007544985646485702
aligned,36,0.608650432002964,-0.5052122937090358,0.15132662816545756,0.0009494967660455539,-0.8030206048893406,-0.20740398252873093,-0.4880836169899669,0.12012846379982288,6.2110418338364e-05,-0.724497722432112,-0.2516695115478218
aligned,37,0.6896061622329284,-0.45173120780343967,0.15833799536167606,0.004635707600285726,-0.7633377741162635,-0.14012464149061582,-0.5166749266896002,0.11492945168133382,9.968862751742855e-06,-0.7428573205098967,-0.29049253286930377
aligned,38,0.6435096363028394,-0.5340119914007241,0.1511963168587927,0.00047813721417835475,-0.8315638520763422,-0.2364601307251059,-0.5003543640066671,0.11670385901600878,2.4492588277025978e-05,-0.7300288104966473,-0.270679917516687
aligned,39,0.6227353891987433,-0.2667872922815552,0.15371332330109494,0.08366894858930667,-0.5692925801688892,0.03571799560577882,-0.3143344596814118,0.12046179186795218,0.009530789510988808,-0.5514045583374289,-0.0772643610253948
aligned,40,0.6443602706137777,-0.3376204982370939,0.14399095320700672,0.019699118484019684,-0.6209923219516549,-0.05424867452253285,-0.41180164273354136,0.11103916600511125,0.00024878920283693547,-0.630327912609798,-0.19327537285728472
aligned,41,0.7447513119040934,-0.5036339956858977,0.1612598368226918,0.0019659672355773427,-0.8209906978577608,-0.18627729351403471,-0.5138106910098033,0.10772546513713638,2.9012816123736845e-06,-0.7258155620299938,-0.3018058199896127
aligned,42,0.654642562343675,-0.536191180734631,0.14897769337799865,0.00037396209423650216,-0.8293768269510344,-0.24300553451822765,-0.41557139999130355,0.11325092190836364,0.00028819166622067886,-0.6384504292118828,-0.19269237077072432
aligned,43,0.6168851717540509,-0.5002064349552193,0.14573102031931212,0.0006832394041218762,-0.7870026820798458,-0.21341018783059285,-0.30465662777731645,0.11836516600352193,0.010543235126434632,-0.5376005442404761,-0.07171271131415682
aligned,44,0.6036480583262986,-0.26487931021685945,0.14547210830116383,0.0696395422892284,-0.5511660227552483,0.02140740232152938,-0.3976694883027138,0.11682164752128495,0.0007554840916345856,-0.6275757438346594,-0.16776323277076816
aligned,45,0.5573374047276121,-0.5436251113998191,0.1511161413943924,0.000376363093360717,-0.8410191880823581,-0.24623103471728008,-0.5934843729861573,0.12538789399867734,3.4301524186462275e-06,-0.840249093480448,-0.34671965249186665
aligned,46,0.6225282322755544,-0.3908162119695237,0.14688763152357126,0.008222999357908631,-0.6798886508893973,-0.10174377304965004,-0.21977340641945098,0.11473293767125828,0.056389370809900106,-0.44556905855980494,0.006022245720902986
aligned,47,0.6272302512356868,-0.39928138394808854,0.15178988766101742,0.008970922842995466,-0.6980013821836291,-0.10056138571254797,-0.3279181362330809,0.11896788344740546,0.006207663344783658,-0.5620482070914848,-0.09378806537467702
aligned,48,0.6528251968363042,-0.3040079822766596,0.14849447999151455,0.041511421506413515,-0.5962426725092211,-0.01177329204409805,-0.344940999500992,0.11241795209414994,0.0023514548926695,-0.5661807351914734,-0.12370126381051061
aligned,49,0.6840801037659473,-0.3023408839670145,0.15374387122068398,0.05016915064204708,-0.6049062896568342,0.00022452172280523763,-0.33111661982294205,0.11298710482272327,0.003646916107321549,-0.55347645418887,-0.10875678545701403
aligned,50,0.645911340769803,-0.15504953195552731,0.15337568155739156,0.3128807390035124,-0.4568903464537739,0.14679128254271925,-0.24256920190651018,0.11796460623256547,0.04063128565521923,-0.4747248124434026,-0.010413591369617808
aligned,51,0.6357919292500606,-0.4602525196148432,0.15351889283331874,0.0029470910349142167,-0.7623751715447624,-0.15812986768492393,-0.36417463978350606,0.11945457878604793,0.0025064212629781766,-0.5992625322894068,-0.12908674727760525
aligned,52,0.676814309785783,-0.6959026716476703,0.15616303385950872,1.1830891691807867e-05,-1.003228949555902,-0.3885763937394386,-0.5003773944936253,0.11662089682453737,2.415786531728973e-05,-0.7298885705008086,-0.270866218486442
aligned,53,0.6044492429789807,-0.11467227823921772,0.15059926538430538,0.446998582873369,-0.4110491514492434,0.181704594970808,-0.2030829029041714,0.12049385548881426,0.09296118688481231,-0.4402161031100091,0.03405029730166631
aligned,54,0.6584626707251215,-0.4530471709114727,0.15912851844783854,0.004720179122131018,-0.7662094736342936,-0.13988486818865176,-0.3521662084739043,0.1201600865321066,0.0036441970690640974,-0.5886425477924181,-0.11568986915539045
aligned,55,0.6804940741320116,-0.2980102825522168,0.15246819982085663,0.051571464751579865,-0.5980651879433831,0.002044622838949517,-0.26251102146114963,0.11178296617098767,0.019512146146056654,-0.48250109804300445,-0.04252094487929478
aligned,56,0.6382216795682585,-0.3059729140857585,0.15675762004010452,0.05189139765814149,-0.614469327801819,0.0025234996303019064,-0.3532475732530677,0.12067396106749896,0.003684501523723515,-0.5907352231698485,-0.11575992333628696
aligned,57,0.641131584888037,-0.27724564814941133,0.14750017179218483,0.06113747246434306,-0.5675235562265458,0.013032259927723167,-0.1946805745646812,0.11323939498035078,0.08662434824859497,-0.41753691866727544,0.02817576953791301
aligned,58,0.6342334783756965,-0.2922884658831129,0.14622799458683167,0.046535209175626396,-0.5800627501787536,-0.004514181587472188,-0.47168321228077587,0.11530505119069576,5.548325394599561e-05,-0.6986047899647592,-0.2447616345967926
aligned,59,0.6522821911978556,-0.225276112474096,0.1547092247926296,0.1464140927527945,-0.5297413180896675,0.07918909314147549,-0.21615920740624842,0.11673198801178432,0.06505651277218279,-0.44588901206167,0.013570597249173144
aligned,60,0.6388345772180473,-0.3425842629354341,0.1494627008342694,0.022598936705944362,-0.6367243958354627,-0.04844413003540543,-0.39755557020572607,0.1169736276047076,0.0007699711421275311,-0.6277609241722215,-0.1673502162392307
aligned,61,0.6415393472067256,-0.279245599724117,0.15034439766466157,0.06424783888543334,-0.5751208974607336,0.016629698012499583,-0.3269758870338991,0.11548951104927405,0.004954816071729205,-0.5542604836983668,-0.09969129036943145
aligned,62,0.6414741831111118,-0.3286364865616528,0.16243756421009525,0.04395264531420441,-0.6483109368293098,-0.008962036293995723,-0.3256739504434899,0.12422663182178567,0.009203913618569568,-0.5701532945161598,-0.08119460637081999
aligned,63,0.6347166974198771,-0.2181427030697716,0.14383438147506514,0.13042521093843296,-0.501206396195332,0.06492099005578886,-0.1804734326862246,0.11201262292505958,0.10820444810121592,-0.40091547622374724,0.03996861085129805
aligned,64,0.6472833515626707,-0.485379981929784,0.15168505742766136,0.001523442772085564,-0.7838936759931185,-0.18686628786644943,-0.3772607289182458,0.11702071802951962,0.0014060059846621573,-0.6075587573459361,-0.1469627004905555
aligned,65,0.6171444879871328,-0.48902177746394426,0.14385301371047837,0.0007675435610792619,-0.7721221385218389,-0.20592141640604966,-0.49617648526200236,0.11315328177843587,1.6137629006581282e-05,-0.7188633576594443,-0.27348961286456036
aligned,66,0.6455013368098894,-0.3885703131647117,0.1486904364362364,0.009424379270934253,-0.681190642452177,-0.09594998387724635,-0.3130029014355706,0.11434347540587717,0.006567600345928671,-0.5380320876596786,-0.08797371521146255
aligned,67,0.6407792375841284,-0.6504653526134686,0.15747680117384544,4.709537378220005e-05,-0.9603771029524923,-0.3405536022744449,-0.6033992616808711,0.12144157243121098,1.1423268068615745e-06,-0.8423975789960263,-0.36440094436571585
aligned,68,0.7108700374633559,-0.3678380915480308,0.15014075537576504,0.014864533813250974,-0.6633126246150292,-0.07236355848103243,-0.43104978569862223,0.10572533438650115,5.866158094067459e-05,-0.6391183779450602,-0.22298119345218428
aligned,69,0.6714493325506893,-0.34270741837538243,0.15071528557004232,0.023687118389790957,-0.6393126173995496,-0.046102219351215334,-0.44662882679881366,0.11143552557679305,7.756619934452579e-05,-0.6659351365641072,-0.22732251703352016
aligned,70,0.6254004188021183,-0.3892283958784353,0.14841844322348208,0.009178781061094692,-0.6813134470041861,-0.09714334475268449,-0.3298075142428166,0.11500061834787643,0.004429313452717232,-0.5561299648263129,-0.10348506365932031
aligned,71,0.6617844840879316,-0.3551971166040648,0.1566336759148693,0.02406618464505836,-0.6634496103235952,-0.04694462288453444,-0.44190667219877394,0.11769840237497707,0.00020901593820171595,-0.6735383906882172,-0.21027495370933072
aligned,72,0.6265971823467443,-0.4636526717900694,0.1419130476991509,0.001213679169469199,-0.7429352116978823,-0.18437013188225648,-0.38466637335907217,0.1106564007522686,0.0005847039019734099,-0.6024393571116011,-0.16689338960654324
aligned,73,0.5877873066511269,-0.6140849570067123,0.14466105206578136,2.9262151494025155e-05,-0.8987755242357149,-0.3293943897777096,-0.4618604311909284,0.11799367416395944,0.0001125769495877546,-0.6940732477286318,-0.229647614653225
aligned,74,0.618012410136081,-0.371698736183084,0.16098050697619862,0.02163167576851211,-0.6885057218189027,-0.05489175054726536,-0.2445591711486395,0.127034073010591,0.055169096978326795,-0.49456358959784386,0.005445247300564837
aligned,75,0.6174747111613855,-0.25453372994174867,0.14356615630502972,0.07726406204169346,-0.5370695603515883,0.02800210046809093,-0.2724783772619447,0.11282725178132046,0.016341015092984038,-0.4945236191275605,-0.050433135396328876
aligned,76,0.6179008734671482,-0.5265634102496649,0.15547317448405057,0.0008023130244087963,-0.8325320562721689,-0.22059476422716096,-0.44081335335930366,0.12183096165068939,0.000348691277643802,-0.6805779928355847,-0.20104871388302262
aligned,77,0.6368153038513338,-0.5481915483804459,0.13939011868503426,0.00010457382722213289,-0.8225090055527844,-0.2738740912081074,-0.38288496170708336,0.10768941977155276,0.00043911071398205364,-0.5948188950611268,-0.17095102835303982
aligned,78,0.7222890678486548,-0.3609108475520088,0.1535277598333582,0.019387582506205356,-0.6630509495919252,-0.058770745512092326,-0.47807053386635795,0.10810884433341755,1.3742568582910975e-05,-0.6908298992575493,-0.26531116847516656
aligned,79,0.6175158731387171,-0.4656056349424627,0.15126297398964067,0.002277591540609529,-0.7632886757534385,-0.1679225941314869,-0.3687515142776674,0.11939181418718416,0.0022019881303572387,-0.6037158853796939,-0.13378714317564086
aligned,80,0.6769529199034463,-0.49484086060801125,0.1477654319782285,0.0009162284853353549,-0.7856407963612178,-0.20404092485480468,-0.46233237264318605,0.10906209774793482,3.00154228737483e-05,-0.676967750980221,-0.24769699430615108
aligned,81,0.6011596178025291,-0.3517769564059048,0.1510924566705351,0.020571567817252282,-0.6491244219420895,-0.05442949086971999,-0.3815592240945569,0.1210118725742861,0.001781468061986404,-0.6197118874816573,-0.1434065607074565
aligned,82,0.6507168507098412,-0.46743750478586904,0.15400042254968913,0.002615741932683674,-0.7705077992645841,-0.1643672103071539,-0.3920591652675834,0.11753061022790048,0.0009589721521787502,-0.6233606670115812,-0.1607576635235855
aligned,83,0.674134676292689,-0.5674032848968338,0.13799578354393574,5.087483503901656e-05,-0.8389767134826378,-0.2958298563110298,-0.5367899430183777,0.1025114015509987,3.1115240079473496e-07,-0.7385334809669218,-0.3350464050698335
aligned,84,0.634605374804811,-0.28395439688113855,0.149427839781904,0.05836492914458261,-0.5780259238044347,0.010117130042157696,-0.13470045429358085,0.1179984251333152,0.25456605006848804,-0.36692262078994264,0.09752171220278094
aligned,85,0.6028803187837495,-0.4654341864831638,0.14826310101767706,0.001864240108914038,-0.7572135267070947,-0.17365484625923283,-0.4953594034310753,0.11819424279965444,3.66987076518113e-05,-0.7279669411954366,-0.2627518656667141
aligned,86,0.6740715027265308,-0.32654301173576644,0.16202336478921997,0.044762591819522406,-0.6454023243669207,-0.007683699104612196,-0.28318262147292456,0.1200905252114524,0.019020206661455475,-0.5195220633661684,-0.046843179579680705
aligned,87,0.6264866301109444,-0.372298851657806,0.14932727538089732,0.013205027168820034,-0.6661724694966819,-0.07842523381893018,-0.23858477061558936,0.11599342170829434,0.04057370283859184,-0.4668610688627357,-0.010308472368442984
aligned,88,0.5922586217717221,-0.5348946453592914,0.13851408738070325,0.00013825592548756316,-0.807488087356993,-0.26230120336158985,-0.5615771869151142,0.11177420453963177,8.758945731024595e-07,-0.7815500205124697,-0.34160435331775857
aligned,89,0.6252947948922488,-0.3234192492622157,0.1531984248163693,0.035597992543151595,-0.6249112254143686,-0.021927273110062817,-0.33624387824914015,0.11983247687738753,0.005349365420627912,-0.572075478252718,-0.10041227824556234
aligned,90,0.6473012165053403,-0.4670214811458796,0.15541414214048807,0.002882137556539715,-0.7728739524887882,-0.161169009802971,-0.4164337812189505,0.11867059525063318,0.0005194169465547079,-0.6499787857169326,-0.18288877672096845
aligned,91,0.5759165214060964,-0.025912312010346807,0.14151491952780784,0.8548393322802903,-0.3044113422359686,0.25258671821527495,-0.30613304122294793,0.1174535182230338,0.009612571921869296,-0.5372828250743599,-0.07498325737153602
aligned,92,0.6308897160738938,-0.43255420440816195,0.14377291240428958,0.0028493968892351305,-0.715496927415116,-0.149611481401208,-0.32530029219967577,0.112343728671387,0.004066424530408371,-0.5463939553979242,-0.1042066290014273
aligned,93,0.6347765427140644,-0.5396268503714645,0.14649077120100773,0.0002730907749779886,-0.8279182747146578,-0.25133542602827125,-0.5336272701656936,0.11412533382746358,4.455947499545737e-06,-0.758227151423359,-0.30902738890802817
aligned,94,0.6321970574989345,-0.4272107560426418,0.1481401351809708,0.004215922344895714,-0.7187481015257509,-0.1356734105595328,-0.430003169849652,0.11508356145269999,0.0002239280572765301,-0.6564888533532174,-0.2035174863460866
aligned,95,0.5904589987141526,-0.3622176821491745,0.13755407176773318,0.008899321497658718,-0.6329218292364474,-0.09151353506190169,-0.4141362876092518,0.11028219832352387,0.00020848042931223687,-0.6311728369677359,-0.19709973825076774
aligned,96,0.6424411826633324,-0.2697439543741563,0.15597546439902765,0.08477656765572353,-0.5767010986742976,0.03721318992598499,-0.4497309421812217,0.12119341908084491,0.00024669849051669893,-0.6882408910407791,-0.21122099332166436
aligned,97,0.5609237825247513,-0.48364427071632093,0.14313416175958368,0.0008247985917695294,-0.7653299429776705,-0.20195859845497138,-0.41892302267599896,0.11838039774916734,0.0004665769341501483,-0.6518969153779881,-0.18594912997400986
aligned,98,0.6372283754757199,-0.37158449771014923,0.14720276910488073,0.012113854686238263,-0.6612771221982667,-0.08189187322203173,-0.40668474728345616,0.11366926868926808,0.000404681729217541,-0.6303870874566913,-0.182982407110221
aligned,99,0.6420267401204297,-0.11773424793577332,0.15018761296306127,0.4337150079257047,-0.41330099596260955,0.17783250009106294,-0.24408029792753044,0.11558742277301413,0.03555426637750414,-0.47155758591467156,-0.01660300994038935
aligned,100,0.6925967682259948,-0.315669554317187,0.1542746448605908,0.04162168242333104,-0.6192795137860472,-0.01205959484832686,-0.3533030719349184,0.11180318299047952,0.0017407530125279032,-0.5733329354344101,-0.13327320843542664
aligned,101,0.5858681653189148,-0.5206137628448951,0.14341145843805223,0.00033339030534793414,-0.8028451504011123,-0.23838237528867806,-0.5160705345609291,0.11622431325396698,1.2698211786711374e-05,-0.7448012298468598,-0.2873398392749984
aligned,102,0.6317343572343878,-0.42144511674505863,0.14936572026798947,0.0051011912382939294,-0.7153943934883668,-0.12749584000175052,-0.38805567746873565,0.1153529057490283,0.0008691975728510716,-0.6150714334368795,-0.16103992150059177
aligned,103,0.5818417164813015,-0.35511599035188635,0.14099434652635762,0.012305710637830269,-0.6325905414868986,-0.07764143921687411,-0.3847034319506862,0.1143742644797399,0.0008707903478899612,-0.6097932114024474,-0.15961365249892495
aligned,104,0.6336645847277586,-0.48517816811311654,0.14048429814148553,0.0006336088047382437,-0.761648952429556,-0.20870738379667714,-0.457861285872065,0.10866969377632972,3.344525330528655e-05,-0.671724408983448,-0.24399816276068204
aligned,105,0.6850379461494132,-0.46673675743423815,0.15184856837766167,0.0023105457176633517,-0.7655722383533918,-0.16790127651508446,-0.44342709325500745,0.1111487251651645,8.352217094745007e-05,-0.6621689767335502,-0.22468520977646467
aligned,106,0.5991009567335611,-0.4840988428036927,0.15778225430887236,0.0023525597244720042,-0.7946117198802238,-0.17358596572716162,-0.5038629681099006,0.12647651512437064,8.542889692423123e-05,-0.7527701066577932,-0.254955829562008
aligned,107,0.685586527446429,-0.21347651961627112,0.15055309673455608,0.15725416717254645,-0.5097625336842013,0.08280949445165914,-0.3413366102854114,0.11089672912178089,0.002279391204138859,-0.5595825628472751,-0.12309065772354769
aligned,108,0.6541448139624765,-0.22243209385324894,0.14941931734710254,0.13764230121722706,-0.5164868487652599,0.07162266105876194,-0.3037167861801959,0.11340339075792889,0.007815450553697678,-0.5268958757323368,-0.08053769662805504
aligned,109,0.6545191845327938,-0.5015463566071761,0.1543453159011203,0.0012887807622841648,-0.8052953955195195,-0.19779731769483272,-0.45755680643999014,0.1169863595490719,0.0001139520865873536,-0.687787217009577,-0.22732639587040326
aligned,110,0.6266656468639569,-0.5316756368652378,0.1415217365922703,0.0002070823396932991,-0.8101880829614131,-0.25316319076906246,-0.34190828828701697,0.11007346323404076,0.0020789650894364044,-0.5585340447501822,-0.12528253182385177
aligned,111,0.6540753564029738,-0.4479619553617368,0.16010246780625462,0.005478605117663256,-0.763040974376471,-0.1328829363470026,-0.4431448102573091,0.12139477051058936,0.0003094063809820112,-0.6820510208906111,-0.20423859962400717
aligned,112,0.6318650279237805,-0.4018096984945462,0.14687249401554922,0.006597911610432557,-0.6908523470480172,-0.11276704994107517,-0.39811575271016764,0.11414453358182619,0.0005608828985644147,-0.622753419290385,-0.17347808612995028
aligned,113,0.6747376632229591,-0.514706661146862,0.15952438058283885,0.0013931091113192405,-0.8286480140296837,-0.20076530826404038,-0.4153664574364689,0.11773152036990976,0.0004850574786999986,-0.6470633524952146,-0.18366956237772317
aligned,114,0.6754709022143665,-0.34750058174854376,0.15726906327374002,0.02789620482170854,-0.6570035073225637,-0.03799765617452372,-0.3515760568507826,0.11614919350575698,0.0026877098333175464,-0.5801589156663851,-0.12299319803518
aligned,115,0.6326747725191114,-0.20273938817040785,0.14769121765697626,0.17087357387511828,-0.49339327136204303,0.08791449502122736,-0.30026827659583905,0.11544874579139207,0.009765563456762424,-0.5274726467954837,-0.07306390639619442
aligned,116,0.6003441954259344,-0.6895981213821948,0.15081421805090126,7.082350745441455e-06,-0.9863980178988168,-0.39279822486557275,-0.5798159948320127,0.12365064294032149,4.193836673320767e-06,-0.8231617866070117,-0.3364702030570138
aligned,117,0.5994035085388152,-0.6284262143251043,0.15096300978685362,4.123075194407333e-05,-0.9255189305267926,-0.3313334981234159,-0.6062081331561705,0.12036364457799771,8.25791495402516e-07,-0.8430850768926772,-0.3693311894196638
aligned,118,0.5729211694423669,-0.29115275152119163,0.14601816424836198,0.04707181454347756,-0.5785140931675999,-0.0037914098747833247,-0.3944219284293467,0.1220205739488724,0.0013660430606044394,-0.6345597269425274,-0.15428412991616608
aligned,119,0.6160515286867521,-0.6506027170848537,0.14590949024338223,1.169263573265158e-05,-0.9377501900798253,-0.36345524408988217,-0.5185757129377686,0.11541975254542716,1.0084770194983246e-05,-0.7457230241183278,-0.2914284017572094
aligned,120,0.5882504270235596,-0.13424729323859966,0.14902138723748326,0.36839307131495025,-0.42751892825062876,0.15902434177342947,-0.10100547903129964,0.12042873079202945,0.4023056088476067,-0.3380105131352364,0.1359995550726371
aligned,121,0.6362739771816547,-0.42890843178055815,0.15189847620833938,0.005068975838814987,-0.7278421304882728,-0.12997473307284346,-0.42238922321038586,0.1175494540988898,0.00038229590596549685,-0.6537278098946393,-0.19105063652613244
aligned,122,0.5772350486101642,-0.48851192095933316,0.14463484071811472,0.0008288629672313696,-0.7731509046879501,-0.20387293723071626,-0.563683362026739,0.11837957131384878,3.009757075636295e-06,-0.7966556282951556,-0.33071109575832236
aligned,123,0.6144885589516038,-0.09588829397711857,0.15301989362102067,0.5313769924589586,-0.3970289236780597,0.20525233572382257,-0.16424153398107544,0.12103246691711851,0.17581384505474243,-0.4024347272557969,0.073951659293646
aligned,124,0.6210324291806002,-0.271813566714427,0.152234421550118,0.07520160002698575,-0.5714084003201888,0.027781266891334755,-0.35714746104085,0.11899669562422868,0.00291703095734009,-0.591334234572326,-0.12296068750937392
aligned,125,0.6113921725988082,-0.32350999216452575,0.15188373151423398,0.033994760466422684,-0.6224146735571543,-0.024605310771897204,-0.27272682093052636,0.12126311646097217,0.025244429896529814,-0.5113739349818562,-0.034079706879196425
aligned,126,0.6336801985380641,-0.34751336433442603,0.15147631784456667,0.022478147622377164,-0.6456162623371364,-0.0494104663317157,-0.5355322844343253,0.11822531096643685,8.573573986343157e-06,-0.7682009646841996,-0.302863604184451
aligned,127,0.6277383729354781,-0.24589200668065012,0.14659968193364203,0.09453540678867223,-0.5343977655514043,0.042613752190104076,-0.17347508584639276,0.1139294084158064,0.12891284321850982,-0.3976893837921172,0.05073921209933169
aligned,128,0.6189703992283595,-0.45625395188049295,0.1558517488397439,0.0036813163484250735,-0.7629676259981312,-0.14954027776285472,-0.4570316746956783,0.12336140520393107,0.0002523768300881263,-0.6998082435026486,-0.21425510588870797
aligned,129,0.5723483348012836,-0.29357118669143617,0.1497782446435646,0.050926041980998406,-0.5883323046096921,0.0011899312268197626,-0.2493474838057394,0.12326824760574154,0.043992186227979214,-0.4919407174601199,-0.006754250151358887
aligned,130,0.598999853928695,-0.33151379542303727,0.1439607368765822,0.021980772230148753,-0.6148261538971256,-0.04820143694894902,-0.3895497727354819,0.11498146934696768,0.0007995811543500561,-0.6158345378797679,-0.1632650075911959
aligned,131,0.5997445114096576,-0.6625147876681917,0.1410566130241051,4.044733001073512e-06,-0.9401118782449539,-0.38491769709142953,-0.6045889433048578,0.11215128302961845,1.4350034160058776e-07,-0.8253038714156355,-0.38387401519408004
aligned,132,0.613755699115606,-0.28730260797083523,0.14975073666068667,0.056001164877172355,-0.5820095906319711,0.007404374690300641,-0.28796511894814675,0.11857075461805261,0.015751258513261677,-0.5213136360101649,-0.0546166018861286
aligned,133,0.6444862574262809,-0.5130860654166681,0.14878374840550784,0.0006451656764974816,-0.80589003112238,-0.2202820997109562,-0.5130800735305137,0.11401340775175776,9.769542401708559e-06,-0.7374596830704975,-0.28870046399052984
aligned,134,0.691988978221195,-0.29998507665822616,0.15284931825155168,0.050623653445939866,-0.6007900168422173,0.0008198635257650744,-0.3062994435090184,0.11054584368731045,0.00594583483983123,-0.5238548497717033,-0.08874403724633353
aligned,135,0.6567507396644328,-0.30046166137406527,0.1579100978793277,0.05804159264411161,-0.6112261324910777,0.010302809742947172,-0.24376880490105535,0.12004625866413914,0.04318684374558202,-0.4800211297543151,-0.007516480047795593
aligned,136,0.606369520421683,-0.021208440881917357,0.14515341739604956,0.8839332630374581,-0.3068679749693542,0.26445109320551946,-0.11700994289405026,0.11658857931429266,0.31638437508302564,-0.34645751769438426,0.11243763190628375
aligned,137,0.6090017185693745,-0.47395430133380023,0.15106088389228936,0.0018749778045930273,-0.771239632162547,-0.17666897050505342,-0.40073209524215075,0.1210508314587048,0.0010467804710810498,-0.6389614301317206,-0.162502760352581
aligned,138,0.6777238484207448,-0.4648167336557863,0.1550657934121789,0.0029515365463734463,-0.7699836604402968,-0.15964980687127578,-0.3901966203108125,0.11462927686932634,0.0007557133809911509,-0.615788266880938,-0.164604973740687
aligned,139,0.663985163463159,-0.4857273366741441,0.14984820442722968,0.0013244218509194865,-0.7806261342940918,-0.1908285390541964,-0.3990849740259099,0.11195442738990909,0.00042452535227231297,-0.6194124881259608,-0.17875745992585895
aligned,140,0.6611204305923192,-0.30707434014164353,0.14066446450036443,0.02981659470568989,-0.5838996888841836,-0.030248991399103475,-0.3620146112850311,0.10553147948366157,0.0006884024068645138,-0.5697016950030926,-0.1543275275669696
aligned,141,0.6571432214785614,-0.25729085362612364,0.15560493494833746,0.09928818396335927,-0.5635188020716401,0.04893709481939279,-0.21472176765702425,0.11713777422106667,0.06779634277372819,-0.4452501639254053,0.015806628611356788
aligned,142,0.650902591230496,-0.5972326803305447,0.1527382999707203,0.00011433382648499945,-0.8978191383668442,-0.2966462222942451,-0.37570862512626185,0.11538916859539863,0.001261073838140947,-0.6027957467650741,-0.14862150348744965
aligned,143,0.6803621541445722,-0.45216217568954564,0.15800071329268464,0.004512089674587834,-0.7631049764471897,-0.14121937493190162,-0.4673383561361507,0.11617020254086173,7.305083537887321e-05,-0.695962560958215,-0.2387141513140865
aligned,144,0.6213557397678736,-0.36391292401936304,0.1422938319836815,0.01104020027049314,-0.6439448411258543,-0.08388100691287181,-0.40811153175747783,0.11158765552296618,0.0003015795163639004,-0.6277172348888216,-0.18850582862613402
aligned,145,0.6187472446071548,-0.34347889690296285,0.14946521474950922,0.022253566704328296,-0.6376239771467677,-0.049333816659158036,-0.3513866690170733,0.11798109647846006,0.003138038392861511,-0.5835747325347862,-0.11919860549936048
aligned,146,0.5926312557061112,-0.21020367918417937,0.14858989433099679,0.158216722646448,-0.5026261432649266,0.08221878489656781,-0.23364029766123834,0.1189637246646896,0.050470061397221454,-0.46776218399064384,0.00048158866816719326
aligned,147,0.6180593645166401,0.09068737129336445,0.15206058741621556,0.5513691892591981,-0.20856535960072936,0.3899401021874583,-0.22477727488104915,0.1214336361446922,0.065161314428184,-0.4637599734991985,0.014205423737100237
aligned,148,0.6131107464140066,-0.5799356983606351,0.1387770248677575,3.8565974418329866e-05,-0.8530465970010632,-0.306824799720207,-0.5453525849740983,0.10990307218064486,1.1782760202979102e-06,-0.7616430100163019,-0.3290621599318948
aligned,149,0.6584446806852091,-0.5467477041299189,0.1565814591616063,0.0005527091160370944,-0.854897436139279,-0.23859797212055878,-0.32773864797345675,0.12027460386161,0.006814460422359873,-0.5644403586249237,-0.09103693732198984
aligned,150,0.6749274950744822,-0.5584814615276801,0.15330593807077056,0.00031801818570752335,-0.8601850219932542,-0.25677790106210596,-0.4888113866048648,0.11327298193735406,2.1750697306866423e-05,-0.7117338301991472,-0.26588894301058236
aligned,151,0.6700483833569006,-0.42656932977704654,0.15160638510492558,0.005224871040773895,-0.7249281980053339,-0.1282104615487591,-0.3327026843744705,0.11239604525724615,0.0033241428812936934,-0.5538993071749185,-0.11150606157402243
aligned,152,0.648037211900526,-0.3635432506315443,0.15732051197745994,0.021526266140319827,-0.6731474264068871,-0.05393907485620153,-0.3296851667039392,0.12003826179934113,0.006392448758157254,-0.5659217536414898,-0.0934485797663887
aligned,153,0.6376640854530151,-0.34170717622326313,0.15143690936720025,0.024770507275488993,-0.6397325189917562,-0.04368183345477006,-0.4333690639262294,0.11746240573514291,0.0002674241600895553,-0.6645363384968133,-0.20220178935564556
aligned,154,0.686152950496234,-0.42301399944715073,0.15500055557385758,0.006729252047417601,-0.7280525392406137,-0.11797545965368772,-0.4904402691550026,0.11282929337524873,1.9020746409261727e-05,-0.7124895288993706,-0.26839100941063465
aligned,155,0.6580072964266265,-0.6274342204239909,0.14593682979785172,2.325722107382507e-05,-0.9146354972117495,-0.34023294363623224,-0.5197515896524145,0.1094345487543233,3.1838847152449275e-06,-0.7351199555655088,-0.30438322373932025
aligned,156,0.6509089706967093,-0.15250725386685451,0.14659225049259902,0.29902346337108604,-0.4409983877840663,0.13598388005035725,-0.33269982282227223,0.11139180623793397,0.0030553539670642436,-0.5519200924596896,-0.11347955318485478
aligned,157,0.6121234824561446,-0.19796271272489724,0.14686412676461302,0.17870776704111507,-0.48698889466637313,0.09106346921657865,-0.28350206417053403,0.11720432355666022,0.016171818943675944,-0.5141614302452745,-0.05284269809579356
aligned,158,0.666354160659476,-0.5305933169699965,0.1488062056889424,0.00042283007861777843,-0.8234414782395323,-0.23774515570046056,-0.6209101391183148,0.11107044197159503,5.151327449850025e-08,-0.839497960432126,-0.4023223178045036
aligned,159,0.6923171156544865,-0.4879581954190697,0.15126545294198637,0.0013962506426879054,-0.7856461147674221,-0.1902702760707174,-0.4750475423796061,0.1095670941411818,1.9943156846775133e-05,-0.6906767590359252,-0.25941832572328705
aligned,160,0.6034073043483924,-0.6073311788680325,0.15132887844496898,7.585488554575678e-05,-0.9051439185613432,-0.30951843917472166,-0.4712669020228297,0.12198834715808128,0.00013751557632814957,-0.7113412778660189,-0.23119252617964053
aligned,161,0.672946747278922,-0.4967798270412772,0.1576118643948123,0.0017877139529090676,-0.8069573795740479,-0.18660227450850653,-0.37658944118325466,0.11774986203485317,0.0015326885232771024,-0.6083224328353701,-0.1448564495311392
aligned,162,0.5697811593724283,-0.2653428513099027,0.1464926214999076,0.07110374245194673,-0.5536379170108479,0.022952214391042502,-0.2614926738414857,0.12037275395030249,0.03062212133685103,-0.49838754492040943,-0.024597802762562015
aligned,163,0.6300271332850745,-0.3630759900178373,0.1552091852668159,0.019984248547520088,-0.6685251096099465,-0.05762687042572806,-0.35035633263920085,0.12084859338210249,0.004021886190757742,-0.5881876608244982,-0.11252500445390345
aligned,164,0.6017061778714597,-0.1668813750963429,0.14343849996236818,0.2455868924768778,-0.44916597992691487,0.11540322973422903,-0.2414180385852559,0.11463452613131495,0.03604799769920246,-0.46702001575928664,-0.01581606141122513
aligned,165,0.6289062602592776,-0.30319502592252334,0.15110647686302592,0.045709274636305246,-0.6005700829665526,-0.005819968878494064,-0.2767072284601563,0.11795057756650713,0.019637936686578983,-0.5088352304317526,-0.044579226488559914
aligned,166,0.6923977342987591,-0.14274639935563418,0.15516357776424952,0.3583331379649669,-0.4481057641340592,0.16261296542279088,-0.24886181312701666,0.1119025043404672,0.02690849675304609,-0.4690871421087589,-0.02863648414527442
aligned,167,0.6662935508877769,-0.2151644728167054,0.14477376729356625,0.1382838601885521,-0.5000768617570478,0.06974791612363698,-0.3100860926702771,0.10776565003038735,0.004301212698715296,-0.522170047991471,-0.09800213734908317
aligned,168,0.6488151972318873,-0.3835065221753962,0.150309668191645,0.011228884600243912,-0.6793134728812713,-0.08769957146952118,-0.2695949152324129,0.11312287572738586,0.017793377554325477,-0.49222194819520604,-0.04696788226961976
aligned,169,0.609079880406335,-0.3638922023301138,0.15691359425446597,0.0210701639030995,-0.672695570730421,-0.055088833929806624,-0.38316358243026105,0.1246700730438867,0.0023133126086994993,-0.6285156235850636,-0.13781154127545844
aligned,170,0.6824355793738733,-0.6078268461240159,0.15704665471259205,0.00013364505978305454,-0.9168920753137942,-0.29876161693423764,-0.39975221390735455,0.11526114574248231,0.000601668057781704,-0.6265873851982559,-0.17291704261645324
aligned,171,0.633345529039941,-0.5137272420503594,0.14286743054791914,0.0003785411555127806,-0.7948879916814495,-0.2325664924192692,-0.4517918518646455,0.11045104111352559,5.555474468890786e-05,-0.6691606856451224,-0.23442301808416857
aligned,172,0.6525714733401579,-0.20173879502616637,0.14528931201788095,0.16601571630885564,-0.48766576749055457,0.08418817743822182,-0.2529113366806672,0.11008549193814497,0.022293101740194422,-0.469560765762548,-0.036261907598786364
aligned,173,0.651051695242054,-0.4247463095878771,0.15570091019204965,0.006752167872374466,-0.7311631357318631,-0.11832948344389116,-0.42465956711488034,0.11828715223133308,0.0003868428854588971,-0.6574499516374757,-0.191869182592285
aligned,174,0.6850309683596999,-0.29917557202792067,0.1491952199022966,0.045842044012574926,-0.5927893068604746,-0.005561837195366681,-0.17233199338419888,0.10919104852725574,0.11557366832926436,-0.38722114823826337,0.04255716146986557
aligned,175,0.6241529862922903,-0.23748155340769203,0.1524024706351853,0.12023828301591945,-0.5374071048443207,0.062443998028936715,-0.26160643740592593,0.11765890611805593,0.026941561611207608,-0.4931604268380503,-0.030052447973801577
aligned,176,0.7100976192609053,-0.32149861997022866,0.1629280801055815,0.0493934293273035,-0.6421383974391377,-0.0008588425013196788,-0.38740062134623543,0.1162317933337053,0.0009683332976834803,-0.616146037509334,-0.15865520518313678
aligned,177,0.5779867882095873,-0.3858080943376023,0.14479302043650605,0.008130462027184173,-0.670758373146062,-0.10085781552914269,-0.2953488190659807,0.11817844330424702,0.012989890030444415,-0.5279252632538902,-0.06277237487807116
aligned,178,0.6179500000462288,-0.3404622920325481,0.15023037752443827,0.024154351939638052,-0.6361132000116442,-0.044811384053451975,-0.38789011586735067,0.11834085763381838,0.0011710848424552388,-0.6207861931981644,-0.15499403853653687
aligned,179,0.6360738128279195,-0.21777578173287318,0.15343168017780756,0.15684087547125,-0.5197268005935421,0.08417523712779582,-0.4358076919288728,0.11818537697129343,0.00026937494442795263,-0.668397781647911,-0.20321760220983467
aligned,180,0.673004300548245,-0.09022644072850844,0.1586413930364312,0.5699592598199661,-0.4024300886668878,0.2219772072098709,-0.27644303103958867,0.11643025146157421,0.01821878335695491,-0.5055790149273028,-0.04730704715187453
aligned,181,0.5886212362774125,-0.38348071683950846,0.14493312941992487,0.008581040899178239,-0.6687067278190935,-0.09825470585992346,-0.4497644589684875,0.11730032893027209,0.00015386802905195885,-0.6806127646483986,-0.21891615328857641
aligned,182,0.6774147888835292,-0.3882991739566442,0.1649605805577803,0.01922941653806468,-0.7129388788307995,-0.06365946908248893,-0.19098583804079075,0.12134277658065495,0.11657031353575217,-0.42978972406221433,0.04781804798063283
aligned,183,0.6513157508133951,-0.3830006815145343,0.1551032199152381,0.014099085130201527,-0.6882412630404777,-0.07776009998859085,-0.47789693651977333,0.11727190496339089,5.9129595451478587e-05,-0.7086893035279427,-0.24710456951160398
aligned,184,0.679358357089352,-0.41895738842439084,0.1496950219909437,0.0054659109233491585,-0.7135547255333508,-0.12436005131543088,-0.3295851883744404,0.10942512590422267,0.0028196026228684244,-0.5449350100174525,-0.11423536673142828
aligned,185,0.621574975702068,-0.2349370095168539,0.15380096096744558,0.12769122004567543,-0.5376147668877683,0.06774074785406056,-0.2681756797176967,0.1197120892170558,0.02582171066995278,-0.503770355514277,-0.032581003921116375
aligned,186,0.6441026169905847,-0.4297117564399055,0.1587831412698346,0.007197675442279833,-0.7421943625663738,-0.11722915031343722,-0.4082236598922099,0.12172856198764291,0.0009016396294014827,-0.6477867757331179,-0.1686605440513018
aligned,187,0.6360347550268125,-0.29155135137964366,0.152543439802337,0.0569325803058791,-0.591754327814813,0.00865162505552558,-0.4308992666320722,0.11902075041074381,0.00034595029294664067,-0.665133380241459,-0.19666515302268542
aligned,188,0.5568573548206639,-0.31701699557052704,0.14610327177982357,0.030813539012052724,-0.6045458274367372,-0.029488163704316894,-0.2602888446780429,0.12184979292950682,0.03348775029326486,-0.5000905443130501,-0.0204871450430357
aligned,189,0.6567171427661386,-0.3005527157536719,0.15230118251575805,0.049375638109554074,-0.6002789338399515,-0.0008264976673922897,-0.3481586952589403,0.11534612943521086,0.0027623785005784166,-0.5751611153687982,-0.12115627514908237
aligned,190,0.6722933654118544,-0.30999761946421206,0.150472245172205,0.04025372489356988,-0.6061245189894344,-0.01387071993898964,-0.360284013957759,0.11144006325147783,0.0013634457506900152,-0.5795992539155103,-0.1409687740000077
aligned,191,0.6560232277164137,-0.36481936354104766,0.14990128014847232,0.015533659741027028,-0.6598226133059983,-0.06981611377609703,-0.3425774674869916,0.11379984019015735,0.002834220965624894,-0.5665367737746891,-0.11861816119929405
aligned,192,0.5951501530564742,-0.29414903167919176,0.14807116616898927,0.04789236561574158,-0.5855506472829597,-0.002747416075423892,-0.35978754408616476,0.12041760598869897,0.0030449108932974743,-0.5967706844578052,-0.12280440371452431
aligned,193,0.6167703552373162,-0.44851276545620905,0.1564181464239775,0.0044348354335871755,-0.7563411006884317,-0.1406844302239864,-0.26890996533174055,0.12473517201704243,0.031901296167597404,-0.5143901219640661,-0.023429808699414995
aligned,194,0.6887341777006936,-0.49508734427181955,0.15413516144712802,0.0014627195162814225,-0.7984228026809217,-0.19175188586271735,-0.45018767089651607,0.11215916336559138,7.575839133654738e-05,-0.6709181075930252,-0.22945723420000694
aligned,195,0.686416147176727,-0.18839213307607736,0.15362160215165815,0.22104258300641952,-0.49071691525239125,0.11393264910023651,-0.37249436255017293,0.11195422181586112,0.0009879584487531231,-0.5928214720782923,-0.15216725302205364
aligned,196,0.6538937968245383,-0.1421531237489604,0.15870415360349457,0.3711322839261486,-0.45448028344936364,0.17017403595144284,-0.3080682651424528,0.12000805233671899,0.01074777847347929,-0.5442453995334894,-0.07189113075141615
aligned,197,0.640499695740693,-0.5680260505200462,0.15006331214918012,0.0001857773465336782,-0.8633481765929735,-0.2727039244471189,-0.5019592348418337,0.11518375203054433,1.813264542476897e-05,-0.7286420944773961,-0.27527637520627124
aligned,198,0.6520556451269549,-0.25137109458049506,0.15005050916587953,0.09493900520127103,-0.5466680245932112,0.043925835432221005,-0.4861766563632221,0.11447159011448155,2.9026818419733212e-05,-0.7114579737082205,-0.2608953390182237
aligned,199,0.6995314809530261,-0.4813777049952509,0.16137569913694041,0.0030914953310966307,-0.7989624222927671,-0.16379298769773465,-0.4396768086882016,0.11543012395052454,0.0001696490495535443,-0.6668445309052522,-0.212509086471151
aligned,200,0.6881464138523642,-0.23510701290631975,0.1587785790572207,0.1397405817172046,-0.5475806406735246,0.0773666148608852,-0.2850782255913869,0.11522518835755251,0.013918015543990756,-0.5118426323630118,-0.05831381881976208
aligned,201,0.6532683342462183,-0.45249681558936095,0.15327342165410016,0.0034066903322306622,-0.7541363842826234,-0.15085724689609842,-0.3940801177956784,0.11759118073353338,0.0009088333148908606,-0.6255008229445349,-0.1626594126468219
aligned,202,0.6683784278295032,-0.5693802968531428,0.1482931931874189,0.00015066370853627958,-0.8612188579713687,-0.2775417357349171,-0.3456035179990309,0.11188497748820737,0.002199584544612855,-0.5657943539475057,-0.12541268205055617
aligned,203,0.6385872866150346,-0.2554294809769139,0.15121287586098106,0.09222969397390392,-0.5530139294960355,0.0421549675422076,-0.3592041477358093,0.11669727692346751,0.002278525688236038,-0.5888656405970585,-0.12954265487456013
aligned,204,0.6556093834084536,-0.4342075581014386,0.15370099056879813,0.005048038107446353,-0.7366885753747896,-0.1317265408280876,-0.47251147494032136,0.1162026762534789,6.129479714276465e-05,-0.7011995883771796,-0.2438233615034632
aligned,205,0.6237911166444146,-0.4032153811398581,0.1565794502192235,0.010503570842598217,-0.7113611595837055,-0.09506960269601072,-0.3765683404242962,0.12419509776001983,0.0026437674737943145,-0.6209856251251278,-0.1321510557234647
aligned,206,0.6018108915698077,-0.5045438363151495,0.13862431362933175,0.0003219105968341341,-0.777354201754216,-0.2317334708760831,-0.4348636847757543,0.11012125277096946,9.81586550918643e-05,-0.6515834915602599,-0.2181438779912488
aligned,207,0.6319895398742102,-0.3230389855341032,0.1447549338399312,0.026385631358733452,-0.6079143105479659,-0.038163660520240505,-0.32600603097342373,0.11238389445568281,0.0040008572757640444,-0.5471787408660468,-0.10483332108080068
aligned,208,0.5870393318991959,-0.21980176891408304,0.14379352471393153,0.12742968678888492,-0.5027850566068324,0.06318151877866623,-0.25866220127519224,0.11617625080167965,0.026735617216266144,-0.4872983091394292,-0.03002609341095533
aligned,209,0.5815632481414509,-0.35765986267260763,0.14364308137958318,0.013323955652908776,-0.6403470803618567,-0.07497264498335854,-0.4541111656831756,0.11772047386458295,0.0001405892100176117,-0.6857863211009363,-0.22243601026541499
aligned,210,0.6998414113462678,-0.27570232946039896,0.15025476581275593,0.06752066966251132,-0.5714012331891163,0.019996574268318412,-0.17721279423177452,0.10671686600332657,0.0978550014571609,-0.3872327313368298,0.032807142873280765
aligned,211,0.6550978162812016,-0.2515536128376195,0.15833453179520768,0.11318131486158677,-0.5631533629086944,0.06004613723345548,-0.28485822964830015,0.12031583532357018,0.01854737365093681,-0.5216410842592173,-0.048075375037383045
aligned,212,0.6360997500626474,-0.2448902943835135,0.1556898897024776,0.11679819089429087,-0.55128543238558,0.06150484361855307,-0.37233097676050236,0.1201285939519388,0.0021253507117738038,-0.6087453383434078,-0.13591661517759696
aligned,213,0.6252040514176046,-0.43941612676580616,0.15219514888564922,0.004172389834263345,-0.7389336724148958,-0.13989858111671655,-0.522354089148347,0.11838232562690046,1.433247348266504e-05,-0.7553317759343963,-0.2893764023622977
aligned,214,0.6550156395014904,-0.18300532993589674,0.15078433722886517,0.22583068637182133,-0.47974642148702706,0.11373576161523358,-0.11564326585205668,0.11472131325308917,0.31426027342046375,-0.3414160410127523,0.11012950930863895
aligned,215,0.6703369455090896,-0.3685738575853136,0.14333213220445926,0.010613396435900743,-0.6506491324206896,-0.0864985827499376,-0.4148091818973403,0.10678928089564825,0.00012660707938685868,-0.624971632287319,-0.20464673150736154
aligned,216,0.5716041643561365,-0.24976232357045805,0.1355664372440392,0.0664190278462112,-0.5165548386606327,0.017030191519716603,-0.29007577852196914,0.11140901111058041,0.00968735705653343,-0.5093299075333209,-0.07082164951061737
aligned,217,0.6652776009993367,-0.14423332945454603,0.15456251876975624,0.35148945972933465,-0.4484098200340293,0.15994316112493723,-0.11069756074596525,0.11557316457527522,0.33893836291766555,-0.33814678844700063,0.11675166695507012
aligned,218,0.5882903439502967,-0.5849219496700075,0.14045587629128162,4.094663295829282e-05,-0.8613368002534849,-0.3085070990865301,-0.6214848407166024,0.11401837377823336,1.0579510095534308e-07,-0.8458742234499634,-0.3970954579832413
aligned,219,0.6860964121374012,-0.08139690778349376,0.14945704826440626,0.5864253672951644,-0.3755259165191557,0.21273210095216818,-0.17761781730141737,0.10947624651636237,0.10577534557758494,-0.39306824485751934,0.037832610254684595
aligned,220,0.6755587723540454,-0.4375742493778555,0.15295858106873614,0.004526458376281138,-0.7385942169860019,-0.13655428176970907,-0.24786843753618923,0.11368436401120387,0.0300211206322325,-0.47160048546492983,-0.024136389607448627
aligned,221,0.6806243307549333,-0.3238516100320723,0.1611233001057532,0.045339331524597314,-0.6409396101943913,-0.006763609869753329,-0.23527806967453813,0.11831050735962656,0.04766053251921794,-0.46811441734015835,-0.0024417220089179015
aligned,222,0.6452821409008782,-0.1754142129226767,0.15627159540321434,0.26255829718972734,-0.48295413816041044,0.13212571231505701,-0.23485858727538367,0.11937610507389847,0.0500725812554519,-0.4697920426739437,7.486812317633595e-05
aligned,223,0.6536332581532163,-0.1196495215404246,0.15123170156600543,0.42947793435409576,-0.41727101873688766,0.17797197565603848,-0.12071998999966652,0.11424068824744868,0.29150277855251466,-0.34554688999333294,0.10410690999399988
aligned,224,0.5660616273161597,-0.0969799978206352,0.14762086796744528,0.5117197617136406,-0.38749543398225816,0.19353543834098774,-0.1323710395337427,0.12198360522396014,0.2787363011463332,-0.3724360831997121,0.10769400413222671
aligned,225,0.5876837358668406,-0.3884530459433099,0.15489222048565035,0.012678662638253978,-0.693278384067961,-0.08362770781865886,-0.31419656966396736,0.1259443328919706,0.013150475799067463,-0.5620563678694852,-0.06633677145844952
aligned,226,0.5765910556456832,-0.40055856381855304,0.15194811894132446,0.008825918871571059,-0.699589958606937,-0.10152716903016906,-0.4256946974121839,0.12417498487425482,0.0006938146521133161,-0.6700723997380679,-0.18131699508629992
aligned,227,0.6472663164532568,-0.282212763318619,0.1560312252659708,0.07150973011356107,-0.5892796440862651,0.024854117449027102,-0.41008534659741336,0.11815844060630415,0.0005965073359328643,-0.6426224252611914,-0.17754826793363535
aligned,228,0.646911101027962,-0.6137694725324281,0.1578530909741821,0.00012462117786684134,-0.9244217549992813,-0.30311719006557486,-0.4735406372776042,0.1212911580191811,0.00011714870239316418,-0.7122429374163065,-0.23483833713890187
aligned,229,0.6538468413386976,-0.42462530592979186,0.14568887842910133,0.003832249180003404,-0.7113386185087553,-0.13791199335082843,-0.23552780645027624,0.11323676686794369,0.03838956334811603,-0.45837897839946007,-0.012676634501092382
aligned,230,0.7008785012314804,-0.41593439848570835,0.1546830662903675,0.007572746074733321,-0.7203481245997795,-0.11152067237163721,-0.45701651002271926,0.11018357193247894,4.390726012805384e-05,-0.6738589615856073,-0.24017405845983117
aligned,231,0.6154376315464931,-0.46434136314001156,0.155266575339576,0.0030173836143069766,-0.7699034254498328,-0.15877930083019032,-0.4674804736891926,0.12264034327413179,0.0001678471251788701,-0.7088379848830901,-0.22612296249529512
aligned,232,0.6455687510716431,-0.308573216892228,0.1462896920984499,0.03575281711867356,-0.5964689208742902,-0.020677512910165896,-0.3995175842492185,0.11144608271943862,0.00039433517895150666,-0.6188446705844908,-0.18019049791394626
aligned,233,0.6371110241844701,-0.49809655129215896,0.15619154171742533,0.0015801108616800136,-0.8054789321951143,-0.19071417038920363,-0.4454481992020543,0.12058688302982015,0.00026286598987523136,-0.6827644786065492,-0.20813191979755943
aligned,234,0.638573277270634,-0.2120094241805771,0.14511253062526466,0.14507251967896873,-0.49758849377670344,0.07356964541554922,-0.3054024817941078,0.11243020009947785,0.006988411504950419,-0.5266663216904656,-0.08413864189774997
aligned,235,0.5477001467358704,-0.49338808190496275,0.1484946075579982,0.001003411730695541,-0.7856230231862625,-0.20115314062366296,-0.4059534441462987,0.12508336618490773,0.0013070542317792596,-0.6521188506362534,-0.15978803765634392
aligned,236,0.6220103361860018,-0.11408854370601984,0.14694708160976833,0.43813540039015064,-0.4032779794161115,0.1751008920040718,-0.38361057109764113,0.11592219802506107,0.0010512513406186201,-0.6117467003721289,-0.15547444182315345
aligned,237,0.6301640244826772,-0.5737277952575726,0.1472216534932868,0.00012039252837073561,-0.86345758391096,-0.2839980066041851,-0.5454015083002637,0.11346940494356982,2.4455699068272478e-06,-0.7687105144779163,-0.32209250212261104
aligned,238,0.6152922235449567,-0.3293646932394037,0.14863054832213451,0.027449685055286846,-0.6218671637049508,-0.036862222773856645,-0.3125329938347478,0.1174442727588127,0.008213252826284647,-0.5436645825133914,-0.08140140515610422
aligned,239,0.6636081457610775,-0.3711176094352516,0.151989714851727,0.015200558348400398,-0.6702308642900308,-0.0720043545804725,-0.3441421996652565,0.11423312530685725,0.002813657440131325,-0.5689542157107071,-0.11933018361980585
aligned,240,0.5602459892842585,-0.15763805031781455,0.14626228793800913,0.2820081241989724,-0.4454798233636025,0.13020372272797334,-0.2085739160234472,0.12092769033178745,0.08561061349128457,-0.4465609078542411,0.029413075807346672
aligned,241,0.6740181071830462,-0.28544692003250677,0.1505571846729028,0.058938911054031054,-0.5817409790957562,0.01084713903074258,-0.27699466642846143,0.11154039456233218,0.013568662653643622,-0.4965073594822832,-0.057481973374639644
aligned,242,0.6336676487863497,-0.26190906234556005,0.14570257836589504,0.07326248895374318,-0.5486493361744322,0.024831211483312077,-0.2473485144995448,0.11284436538152115,0.029162282562497588,-0.46942743611394255,-0.025269592885147046
aligned,243,0.698904860391267,-0.4927685008815882,0.15118676928298588,0.00124645136879585,-0.7903015720853113,-0.1952354296778651,-0.34844365218690965,0.10766459399426227,0.0013478776076177108,-0.5603287281449257,-0.13655857622889356
aligned,244,0.6706309236823045,-0.508611544584461,0.14540632497967781,0.000540740287790841,-0.7947687966299208,-0.22245429253900117,-0.27534063742339737,0.10838348092900899,0.011582532909353448,-0.4886404905808905,-0.06204078426590426
aligned,245,0.6704946270823073,-0.41890794317317587,0.14966423570868492,0.005461868217411884,-0.7134446933858429,-0.12437119296050875,-0.3526678208973808,0.1116272787995207,0.0017448662387600689,-0.5723515030620446,-0.132984138732717
aligned,246,0.6488090808394592,-0.22146560312277647,0.1568569938676395,0.15902772125991474,-0.5301575828942793,0.08722637664872629,-0.3087392786214876,0.1196329047621083,0.010340889267231127,-0.5441781185612761,-0.07330043868169914
aligned,247,0.6239321867960043,-0.5100476399474149,0.14425397149414043,0.0004715022926296575,-0.7939370793179277,-0.2261582005769021,-0.502661219818142,0.11299654960626808,1.2254087188686672e-05,-0.7250396416194056,-0.2802827980168785
aligned,248,0.6525859417761992,-0.4167061992254017,0.15685881174303115,0.008320756738862048,-0.7254017565457265,-0.10801064190507698,-0.38608828761436503,0.11898547158134581,0.0013098375785621228,-0.6202529721090411,-0.15192360311968894
aligned,249,0.6555605089994417,-0.5883761781028365,0.1581561177876882,0.00023797826226164346,-0.8996248123464169,-0.2771275438592561,-0.6229640614438251,0.11974095535981553,3.6772372394357884e-07,-0.8586155461190196,-0.3873125767686306
aligned,250,0.626029523239787,-0.3294926355169506,0.1576054124064161,0.037412281446267306,-0.6396574906428516,-0.019327780391049598,-0.4726615272470958,0.1224464810019335,0.00013916744497718812,-0.7136375154096398,-0.23168553908455178
aligned,251,0.623462198933374,-0.23979961061994928,0.14849404949352066,0.10739916863279185,-0.5320334536395511,0.052434232399652586,-0.2937487049834949,0.11660679371075683,0.012290931908529156,-0.5232321259114663,-0.06426528405552359
aligned,252,0.6566920936724497,-0.14295427648749479,0.15549367993835372,0.35865468754963126,-0.4489632769062477,0.1630547239312581,-0.12391923495944066,0.11742750582524956,0.29215654276130015,-0.3550178261329639,0.10717935621408259
aligned,253,0.6675277070772827,-0.7790851061869799,0.14720249270297567,2.347323205568428e-07,-1.0687771867207019,-0.489393025653258,-0.6142928197585871,0.11085153549838578,6.631534610543578e-08,-0.8324498307847923,-0.3961358087323818
aligned,254,0.6025884687093287,-0.13925257010222822,0.14752555463235323,0.34597689259596787,-0.4295804311906414,0.1510752909861849,-0.2796648051281543,0.11766766153344184,0.018102393802043284,-0.5112360253116823,-0.04809358494462629
aligned,255,0.6804556119013772,-0.24627753912499284,0.1568915784478546,0.11754249406536002,-0.555037580780591,0.06248250253060528,-0.2670612414737995,0.11488209807674292,0.020766791587871553,-0.49315044289227294,-0.040972040055326064
aligned,256,0.6567289156028615,-0.42897871835576634,0.15133507147453829,0.004902544123470701,-0.7268036458292417,-0.131153790882291,-0.3622722935863951,0.11374846281035322,0.0016027476710701867,-0.5861304886394847,-0.13841409853330552
aligned,257,0.6622412274250258,-0.3083862060358683,0.15276701396387715,0.044419975611370295,-0.6090291727376482,-0.007743239334088325,-0.4044285915348986,0.11426555155188715,0.00046558203766504575,-0.6293044227784222,-0.1795527602913749
aligned,258,0.5834915151243181,-0.26273190327240753,0.14624480328283634,0.07342771306803723,-0.5505392668048685,0.025075460260053417,-0.3195352976069196,0.11815485700648914,0.007239377839154002,-0.5520653237078185,-0.08700527150602078
aligned,259,0.6886415437091016,-0.40982179667501417,0.16224286361905713,0.012057533926503699,-0.7291130793871272,-0.09053051396290113,-0.38036700721249345,0.11905658349211506,0.0015501036898822526,-0.61467164071042,-0.1460623737145669
aligned,260,0.7061115402835872,-0.26646204039155,0.16513937939661633,0.10768518492554355,-0.591453618434891,0.05852953765179092,-0.3514047517326787,0.11641106258885418,0.0027599735162867193,-0.5805029717130302,-0.12230653175232717
aligned,261,0.6828408636638033,-0.5554832916596133,0.15695099081429645,0.00046562454072195396,-0.8643602558735726,-0.24660632744565403,-0.5284019324310996,0.11547679487275646,6.986733607208445e-06,-0.7556615035237673,-0.3011423613384319
aligned,262,0.62409652778078,-0.4322401414140299,0.1527961774746605,0.004989266028122774,-0.7329405014245736,-0.13153978140348616,-0.33141293566633545,0.12004523724106535,0.0061272090519672445,-0.5676632503480286,-0.09516262098464229
aligned,263,0.6138711313656297,-0.22053941765889948,0.146971723713911,0.13453253491573544,-0.5097773486239745,0.06869851330617557,-0.342462649845514,0.11586989287512081,0.0033717305089227606,-0.5704958420238131,-0.11442945766721485
aligned,264,0.6697597214821324,-0.4287309021482489,0.1493054203796442,0.004379178051195612,-0.7225615097047116,-0.13490029459178626,-0.4135380422003239,0.11110558096370636,0.00023649882659895782,-0.6321950174275655,-0.19488106697308233
aligned,265,0.6799880578882568,-0.10569628930222602,0.15465998910523787,0.4948801626637045,-0.41006459989615,0.19867202129169798,-0.19604993424469425,0.11443389128614417,0.08771993001628317,-0.4212570598911086,0.02915719140172013
aligned,266,0.6141161182046389,-0.1389519094712236,0.15744942886445523,0.378210626018447,-0.4488097915563159,0.1709059726138687,-0.31410084660102927,0.1253893495078961,0.012782281683623758,-0.5608684315530765,-0.06733326164898201
aligned,267,0.643468397558194,-0.3254463946140355,0.15030676762586215,0.031167311748280038,-0.6212476370542356,-0.029645152173835454,-0.31451348246288846,0.11485827478693067,0.0065504412237580075,-0.5405557993914458,-0.08847116553433107
aligned,268,0.6763447156016572,-0.4608971919161497,0.15191700952010262,0.002627752944143871,-0.7598673638760851,-0.16192701995621428,-0.482597256389326,0.11192199916294363,2.207083750082698e-05,-0.7028609513908335,-0.2623335613878185
aligned,269,0.6748981267225851,-0.4208825082427456,0.16071536566325043,0.009276609619589185,-0.7371677001427857,-0.10459731634270547,-0.4497717899237943,0.11908482421238455,0.00019192870476892327,-0.6841320014621649,-0.21541157838542366
aligned,270,0.6496029212897426,-0.22078891976003784,0.15032471740490952,0.1429598730483466,-0.5166254870696873,0.07504764754961157,-0.28872943868241246,0.11456903983259568,0.012256949362171948,-0.5142025381180562,-0.06325633924676874
aligned,271,0.6011710054711931,-0.47782898237647203,0.14174404616456382,0.0008478765537177371,-0.7567789300484544,-0.1988790347044897,-0.3864271698228991,0.11383105441006017,0.0007806945704725629,-0.6104479060302175,-0.16240643361558074
aligned,272,0.6613580859174968,-0.45210237651231566,0.15436066489493436,0.003665435883581536,-0.7558816219916162,-0.14832313103301514,-0.47643438743412053,0.11562767341106836,4.913843942346969e-05,-0.7039908891087431,-0.24887788575949799
aligned,273,0.6259524502480064,-0.3055740397363918,0.14351328294661866,0.03405692055752312,-0.5880058162479471,-0.02314226322483648,-0.23245784026764332,0.11386872957467477,0.04209216748558643,-0.45655272160308547,-0.008362958932201209
aligned,274,0.6635002865479048,-0.21898300285765596,0.14973406681977866,0.1446672126437744,-0.5136571795465142,0.0756911738312023,-0.12482934193559404,0.11337941943318385,0.27179653152895306,-0.34796125566348307,0.09830257179229497
aligned,275,0.6610080956804825,-0.13510386188830054,0.16550849629277045,0.41498530007761414,-0.46082185590221064,0.19061413212560957,-0.26122128628888713,0.12415632807298371,0.036224349138128775,-0.5055622718297278,-0.016880300748046445
aligned,276,0.6803990760398645,-0.46125383613804466,0.15030565193728196,0.002347778843958643,-0.7570528829214995,-0.16545478935458985,-0.34328887904626587,0.1108153587199855,0.002136429061358942,-0.5613746937844912,-0.12520306430804054
aligned,277,0.6764589657729282,-0.32106887995573696,0.14982779977731164,0.032932040261132195,-0.6159275215608049,-0.026210238350669046,-0.346498430304894,0.11024224512481008,0.001841454374456898,-0.5634563513397094,-0.12954050927007862
aligned,278,0.6748529738745406,-0.30692801242918205,0.16140624458786063,0.058192729597312726,-0.6245728426708845,0.010716817812520374,-0.31403279858355726,0.11932790762161234,0.008941756109844221,-0.5488714008789776,-0.07919419628813693
aligned,279,0.7365250336981066,-0.415782042299877,0.16146281360629108,0.010505175605518221,-0.7335381994378972,-0.09802588516185673,-0.213206129763069,0.10957069153914069,0.05262124464552287,-0.4288424261371624,0.002430166611024409
aligned,280,0.5840062445546029,-0.23923621796747022,0.15244723255567907,0.11764161346846726,-0.5392498601261949,0.06077742419125445,-0.33543696416669694,0.12332871481954079,0.006916955147696779,-0.5781491979464994,-0.09272473038689444
aligned,281,0.6616014797148569,-0.28358667443277796,0.14074290326029784,0.044813170927569146,-0.5605663893626178,-0.006606959502938048,-0.3484913968373747,0.10512561723521467,0.001030477459780808,-0.5553797392965851,-0.14160305437816423
aligned,282,0.6539849341089463,-0.4814331390729597,0.1521757181400475,0.0017193873177338398,-0.7809124453348193,-0.18195383281110006,-0.4691967774766734,0.11361074100961903,4.72686115409582e-05,-0.6927839345485005,-0.24560962040484619
aligned,283,0.6628894386707311,-0.309767570061886,0.1510573718385824,0.04117725779081037,-0.6070459892267972,-0.012489150896974721,-0.31244960867916116,0.11319614191247365,0.006136064320653334,-0.5352208302801738,-0.08967838707814857
aligned,284,0.6868309455972359,-0.4494978323264643,0.1577938870409752,0.004697332689653237,-0.7600336024281289,-0.13896206222479973,-0.49643624310432566,0.11525406357188357,2.2505600767420693e-05,-0.7232574766075144,-0.269615009601137
aligned,285,0.6527281122595088,-0.4668318720891608,0.15649589517557103,0.0030908413920051666,-0.774813215583638,-0.15885052859468357,-0.3736466273959755,0.11802319891106557,0.001707372406048592,-0.605917548952712,-0.14137570583923903
aligned,286,0.6213326782154454,0.0132826501487728,0.14479782020539647,0.9269725027860056,-0.2716770745257888,0.2982423748233344,-0.1832726756870714,0.11444418608418043,0.11035159941257046,-0.40850006160645913,0.04195471023231631
aligned,287,0.6927425435152756,-0.24081603201747814,0.1554306902724101,0.12236328457626487,-0.546701069811385,0.06506900577642877,-0.2113761447192277,0.1122427268098155,0.06065285550343396,-0.4322710351704009,0.009518745731945527
aligned,288,0.6694018092733347,-0.404483040099616,0.14777594931991328,0.006571281202633141,-0.695303673807989,-0.11366240639124303,-0.32880214849065614,0.10998758804874498,0.0030293260491361623,-0.5452589016679289,-0.11234539531338336
aligned,289,0.6472787244039343,-0.5141201714371205,0.15154359306602805,0.0007863852603274511,-0.8123554659673329,-0.21588487690690816,-0.5330069763186739,0.11582533474335609,6.220355741238783e-06,-0.7609524776156604,-0.3050614750216873
aligned,290,0.6269220914394886,-0.43966261841753995,0.15408657459896535,0.004630136092307089,-0.742902458709908,-0.13642277812517184,-0.34181241843066856,0.1206140174477183,0.004913976552088169,-0.5791820986606728,-0.10444273820066433
aligned,291,0.6660213718160494,-0.3274988766743391,0.13993087491677525,0.01992319085871326,-0.6028805332019882,-0.0521172201466899,-0.32212139761241,0.10493992952111524,0.002342330757702275,-0.5286443046582985,-0.11559849056652144
aligned,292,0.649421823199432,-0.09434740647029839,0.13969303135316014,0.49995291408112386,-0.3692609907831363,0.18056617784253953,-0.07383913618190861,0.1063933727944343,0.4882139253289398,-0.28322243518157436,0.1355441628177571
aligned,293,0.5859742796570734,-0.454464011619193,0.15202600469505315,0.0030291391467035253,-0.7536486842877765,-0.15527933895060947,-0.43673693938028835,0.12396448320874573,0.000493923671803863,-0.6807003721702833,-0.19277350659029338
aligned,294,0.6393859907619609,-0.2550223940165661,0.15343143688834926,0.09754252124044745,-0.5569729340875893,0.046928146054457054,-0.3545067261090968,0.1192520638331229,0.0031939287451157082,-0.5891960670151519,-0.11981738520304169
aligned,295,0.5816666505645912,-0.46677875169298355,0.15564816282806582,0.002938504370666833,-0.7730917718936423,-0.1604657314923248,-0.3931904059213736,0.1268222450145147,0.002119176372751762,-0.6427779446019044,-0.14360286724084284
aligned,296,0.6253685703189021,-0.4373298985100108,0.14758175136394755,0.0032897850299891613,-0.7277683538403815,-0.1468914431796401,-0.3910689878730248,0.1151333873201673,0.000775451318856815,-0.6176527292182753,-0.16448524652777427
aligned,297,0.6370135495219534,-0.43594410104757203,0.15283860798768859,0.004644778653066202,-0.7367279636087283,-0.13516023848641578,-0.41623070840137205,0.1173902235193079,0.00045499328634693287,-0.6472559275968544,-0.1852054892058898
aligned,298,0.6596827453086663,-0.6677720819308891,0.14804977008495238,9.32571172338679e-06,-0.9591315903937648,-0.3764125734680134,-0.40305990278868026,0.11132532583758237,0.0003457097475650175,-0.6221493382850339,-0.18397046729232658
aligned,299,0.6252940262833944,-0.23834072054265665,0.1592446535422743,0.13553448129919798,-0.5517315752180452,0.07505013413273182,-0.46573874483889216,0.12564639238549566,0.00025055398169048746,-0.7130121929314956,-0.21846529674628865
aligned,300,0.6756936803802736,-0.4856310571291818,0.1471423166677249,0.0010831078530385877,-0.7752047122169078,-0.19605740204145583,-0.3736417427016671,0.10951955256496937,0.0007355897756827099,-0.5891773970259955,-0.15810608837733875
aligned,301,0.6465958320072894,-0.07711584646486605,0.14835817687831152,0.6035936155538763,-0.36908229441618656,0.2148506014864545,-0.33562668980060734,0.11505750783749233,0.0038042740829570465,-0.5620610995099526,-0.10919228009126208
aligned,302,0.6574540542853118,-0.5605675592086415,0.1562956780124911,0.0003916330614655098,-0.86815487862468,-0.2529802397926031,-0.3611012758749454,0.11587362916034126,0.0020109012420864956,-0.5891418211026396,-0.1330607306472512
aligned,303,0.6457724539134608,-0.34327770268226915,0.154721790873723,0.027264563114906173,-0.647767638138411,-0.03878776722612731,-0.3254058953481704,0.11846541620633343,0.006385949949930432,-0.5585471052859021,-0.09226468541043867
aligned,304,0.6499158517553484,-0.23173283862633157,0.15284466043575198,0.13054930140723464,-0.5325286123055648,0.06906293505290165,-0.3952685827330445,0.11904870755509374,0.0010120638865422323,-0.6295577163024235,-0.1609794491636654
aligned,305,0.6634110413064255,-0.5085267225307575,0.1508688363131998,0.0008491061317416329,-0.8054341068877677,-0.21161933817374723,-0.6191445967206649,0.11449082291384495,1.3165961083168732e-07,-0.8444637644211312,-0.3938254290201985
aligned,306,0.6655199846259099,-0.27263824134402914,0.16223319944093603,0.09390503720900581,-0.5919105051128135,0.046634022424755284,-0.3957286347156634,0.12151653892463664,0.0012586346423905633,-0.6348744868940871,-0.15658278253723965
aligned,307,0.6051620388299087,-0.3537997850722397,0.15179638707654022,0.020435765379731425,-0.6525325740504537,-0.055066996094025655,-0.39485647130898777,0.12106644346485837,0.0012378171633641278,-0.6331165307941464,-0.15659641182382916
aligned,308,0.6397424174267328,-0.3339739878615396,0.15756414465334495,0.03486859166404219,-0.6440576287292673,-0.023890346993811873,-0.24899039484842708,0.1213718558916127,0.04110124273342734,-0.48785150926576526,-0.010129280431088905
aligned,309,0.5789699201737739,-0.40258082468182427,0.14142857537457845,0.004727701538533882,-0.6809099310363781,-0.12425171832727044,-0.3425847807817753,0.11612944196958179,0.0034311481681459153,-0.5711287683622995,-0.11404079320125107
aligned,310,0.6848711433057739,-0.3352681783024879,0.15392232206231465,0.030180188831942487,-0.6381847723087262,-0.03235158429624957,-0.44537824682153787,0.11260428058299185,9.573517489332057e-05,-0.6669846789769083,-0.22377181466616744
aligned,311,0.6428495539064196,-0.38656116127675455,0.16722436611083447,0.021482195594769556,-0.7156559588243043,-0.05746636372920472,-0.24067869083873172,0.1287558069592211,0.06257330590071439,-0.494071500168827,0.012714118491363557
aligned,312,0.6590221569264785,-0.2555664520895006,0.1409339033140922,0.07078279552743878,-0.5329220519785537,0.021789147799552544,-0.2551422053481771,0.1061062572580791,0.016804641636889793,-0.4639604578922496,-0.046323952804104646
aligned,313,0.634037642320766,-0.2893785851544209,0.14760467835291485,0.050872211433509805,-0.5798621604213657,0.0011049901125239625,-0.3138096136554238,0.11318085685109161,0.005913051206730533,-0.5365507540916653,-0.09106847321918235
aligned,314,0.5852984970226184,-0.44767587403878284,0.1508792330791564,0.003250486365985102,-0.7446037190599128,-0.15074802901765283,-0.406867410293544,0.12238217929909866,0.0009970104983196885,-0.6477168520151093,-0.16601796857197867
aligned,315,0.6415801441087011,-0.6413550129812705,0.15349410892164594,3.865153763990664e-05,-0.9434288905813233,-0.3392811353812177,-0.35910409509197744,0.12060413813730901,0.0031458632039745144,-0.5964543327331154,-0.12175385745083947
aligned,316,0.6424195067510361,-0.4053644104273509,0.15636180037707426,0.010000190578106898,-0.7130818575675479,-0.09764696328715389,-0.4138809746893173,0.12011133049196002,0.0006517390446270098,-0.6502613615977898,-0.17750058778084477
aligned,317,0.6634216988536843,-0.40772852645984403,0.16222131950994692,0.01248624658424841,-0.7269774107201593,-0.08847964219952875,-0.3559633254959428,0.1203878935666689,0.0033587622704171803,-0.5928879915022865,-0.11903865948959899
aligned,318,0.6344692623822626,0.046908035147343895,0.14424657800223878,0.745263663553201,-0.23696685395291142,0.3307829242475992,-0.06557535328190894,0.1125310221832362,0.5605178215887545,-0.28703761212067713,0.15588690555685922
aligned,319,0.6059025842929143,-0.4590707289636734,0.14431340089344666,0.001622594650356307,-0.7430771244129438,-0.17506433351440298,-0.4146391286654781,0.11544795134045484,0.00038472406588740244,-0.6418419353771557,-0.18743632195380044
aligned,320,0.6785084235458178,-0.3113458096096148,0.1540859829238113,0.04421861915258556,-0.6145844854950273,-0.008107133724202242,-0.38475288378852496,0.11284891473321794,0.0007413013064226572,-0.6068407585758654,-0.16266500900118452
aligned,321,0.5831325349201284,-0.3206392792433572,0.14423247965967784,0.0269634220162519,-0.6044864230377175,-0.036792135448996954,-0.18010091688212565,0.11895933089238234,0.1311003453462364,-0.41421415622049607,0.054012322456244766
aligned,322,0.6539784579595772,-0.4504880333229716,0.14498155264781748,0.0020713551773155103,-0.7358093404172947,-0.16516672622864842,-0.37396585531324456,0.10963612352327551,0.0007373335942205474,-0.5897309225340401,-0.15820078809244895
aligned,323,0.6437386127657176,-0.4804486850976116,0.15022932870579556,0.001532753250707755,-0.7760975290188977,-0.18479984117632553,-0.5569554427168419,0.11438838086679533,1.8285553407503163e-06,-0.7820730033697625,-0.3318378820639214
aligned,324,0.5757777552396689,-0.5896784355086239,0.1426379999682052,4.6413753892769824e-05,-0.8703876695386196,-0.30896920147862816,-0.6679549329836444,0.11647445389309492,2.408863555275211e-08,-0.8971779077307751,-0.4387319582365137
aligned,325,0.6497293787921509,-0.2940662342826266,0.16435219835047024,0.07459435313901625,-0.6175086529956639,0.029376184430410623,-0.3276140534779871,0.12535922372930455,0.009422752727897093,-0.5743223505745905,-0.08090575638138381
aligned,326,0.6325200570128959,-0.4590164284903916,0.14468388987250824,0.0016693421143250129,-0.7437519401467885,-0.17428091683399466,-0.4947410048514011,0.1121984992467863,1.4514815460033226e-05,-0.7155488549840795,-0.2739331547187227
aligned,327,0.6524211238500766,-0.31524319726103117,0.14691961119297636,0.03270856015117794,-0.6043785716434411,-0.02610782287862129,-0.3016881144163745,0.1124192225217906,0.007693336136900554,-0.5229303503220812,-0.08044587851066773
aligned,328,0.6915890130891837,-0.612174408386214,0.15502848352866636,9.815207384746504e-05,-0.9172679099346381,-0.3070809068377898,-0.5420907035581795,0.11253721388426548,2.330395602071957e-06,-0.763565147730995,-0.32061625938536387
aligned,329,0.6681448966734332,-0.41297843330786765,0.1466466475288052,0.005185715503513208,-0.7015766196961625,-0.12438024691957283,-0.532432441721659,0.10907119003970196,1.7242555044167626e-06,-0.7470857137864297,-0.31777916965688835
aligned,330,0.6582619586177848,0.20281890141593434,0.1539199641666511,0.1886227336077638,-0.1000930522904836,0.5057308551223523,-0.06780697670099307,0.1206760070739416,0.5746142883665766,-0.3052986531804016,0.16968469977841544
aligned,331,0.6579892076777814,-0.4346647995609931,0.15595834563794952,0.005661593627600994,-0.7415882544213578,-0.12774134470062837,-0.3716758190045855,0.11800993102479725,0.0018024910961160136,-0.603920629218814,-0.13943100879035702
aligned,332,0.6551156997714879,-0.39449924224000493,0.14500441959505292,0.0069005509793975345,-0.6798655511097631,-0.10913293337024677,-0.3463084071143693,0.11031554590021517,0.0018647816808876284,-0.5634105848615196,-0.12920622936721896
aligned,333,0.661149639302827,-0.36455370664588316,0.15744658139319687,0.021271668501432767,-0.6744059849544499,-0.05470142833731634,-0.3602181650146897,0.1183867732531965,0.002554725152932133,-0.5932046047770017,-0.12723172525237764
aligned,334,0.6688927329776583,-0.23910837175438618,0.15329555054630253,0.11987518223494499,-0.5407914897429378,0.06257474623416545,-0.28782689773760156,0.11640423655891863,0.013973305847030118,-0.5169116840178134,-0.05874211145738975
aligned,335,0.5604737541331996,-0.3503911066615135,0.1402579882058371,0.013023497923374965,-0.626416516752968,-0.07436569657005909,-0.36141309619985407,0.11654735351845756,0.0021145321512633934,-0.5907795381917328,-0.13204665420797532
aligned,336,0.6699672294073855,-0.5240811470608491,0.14520774461719044,0.00036036539849709597,-0.8098475962244706,-0.2383146978972276,-0.4017422590538563,0.10760150819799279,0.00022634614431521675,-0.613503181488058,-0.18998133661965458
aligned,337,0.7094630822388114,-0.5866919623450013,0.15995404198422872,0.0002897559902915045,-0.9014788817872481,-0.2719050429027545,-0.4751380203284659,0.11297372245842885,3.452206434963586e-05,-0.6974715180579025,-0.2528045225990293
aligned,338,0.6660536739194245,-0.5333193628860348,0.14255246536749808,0.00021977636898875625,-0.8138602662309893,-0.2527784595410803,-0.4542293357699731,0.10661890436865966,2.746143210553528e-05,-0.6640564833271156,-0.2444021882128306
aligned,339,0.6695928577386017,-0.5010103943634253,0.16009145547959672,0.001924958902702022,-0.8160677413007207,-0.18595304742612995,-0.5778103509525022,0.11860054405948167,1.8037382825207058e-06,-0.8112174939548205,-0.344403207950184
aligned,340,0.6354210417939321,-0.17071672096572593,0.14973234236963462,0.2551441198620668,-0.4653875039651104,0.12395406203365855,-0.35500349356745337,0.1162067909887091,0.0024560885543533466,-0.5836997048473856,-0.1263072822875211
aligned,341,0.6587422209665349,-0.09946794792841886,0.15121626641235444,0.5111851221644683,-0.3970590689967851,0.19812317313994743,-0.3376019596929688,0.11423894649324652,0.003375476181381981,-0.5624254318956806,-0.11277848749025701
aligned,342,0.6615515350187753,-0.3111603658342547,0.15122601543569814,0.04050268163601986,-0.6087706728199499,-0.013550058848559532,-0.35649800060315207,0.11255717850638025,0.0016995184432103132,-0.578011735366461,-0.13498426583984313
aligned,343,0.6160651430089603,-0.38823405627930896,0.1459291396708904,0.008228219787547108,-0.6754201990238997,-0.10104791353471826,-0.35539200939344495,0.11503793373266193,0.002196516010012918,-0.5817878970545017,-0.12899612173238814
aligned,344,0.6425638951704553,-0.2703354528166215,0.1482010924546978,0.0691398148977615,-0.5619927612101772,0.021321855576934057,-0.2738382651872394,0.11345262662825605,0.016399399797269794,-0.49711425146036436,-0.050562278914114495
aligned,345,0.64564486142963,-0.37936517365284583,0.15074255695658156,0.012374662547252453,-0.6760240423164363,-0.08270630498925535,-0.5164469380566442,0.11665611376147886,1.3449310481894126e-05,-0.7460274213735199,-0.2868664547397686
aligned,346,0.614049389498722,-0.3132667897177674,0.1463342347552602,0.0331072585254167,-0.6012501529146086,-0.02528342652092619,-0.3112471643888309,0.1157134064552808,0.007555006977689635,-0.538972389614169,-0.08352193916349274
aligned,347,0.6732798922950625,-0.7363675697660883,0.15055829786970287,1.6471657919802348e-06,-1.0326638195823006,-0.4400713199498759,-0.6563049045279726,0.11141771459645705,1.0451179549107815e-08,-0.8755761620928967,-0.4370336469630486
aligned,348,0.564832550851933,-0.32248130161313787,0.14798776080892193,0.030109364192554822,-0.6137187768423652,-0.031243826383910545,-0.393024576497059,0.12294280612499255,0.001539931911905199,-0.6349773378261359,-0.15107181516798224
aligned,349,0.6444496784623269,-0.3827534524818469,0.1428488108772159,0.007786034861633263,-0.6638775589077451,-0.10162934605594864,-0.45053212717145674,0.10947981016099798,5.0200057737425566e-05,-0.6659895680184308,-0.23507468632448272
aligned,350,0.6316969392824503,-0.11395992464568436,0.15464897257677185,0.46176841176510175,-0.41830655489308033,0.19038670560171164,-0.21762511162526899,0.12118642488222686,0.07354804586808697,-0.4561212958269154,0.020871072576377436
aligned,351,0.6606511712631362,-0.08366681511371694,0.14623132486035834,0.5676505611016716,-0.3714476533327931,0.20411402310535925,-0.22409484329838342,0.11079409825315369,0.04401081652185694,-0.442138817209811,-0.006050869386955815
aligned,352,0.6691124666966716,-0.20147865993184533,0.15060394823471634,0.18198358536954512,-0.49786474891433163,0.09490742905064098,-0.24194171597777436,0.11261416257481426,0.03249214874342194,-0.46356759599906083,-0.020315835956487865
aligned,353,0.6474950931650314,-0.42560193914480154,0.14646111385833366,0.0039373386088359065,-0.7138349983262058,-0.1373688799633973,-0.33419570516084396,0.11149838188206121,0.002954500028570833,-0.5536257168091994,-0.11476569351248855
aligned,354,0.6259564397117516,-0.15381786277865864,0.14777594505589212,0.2987751925884318,-0.4446384880955082,0.1370027625381909,-0.26656265374450827,0.11522285261583576,0.021382861328072624,-0.4933224637513778,-0.03980284373763879
aligned,355,0.6312748602866787,-0.3055994982335799,0.14510612899125597,0.03603980378238652,-0.5911659695194416,-0.02003302694771819,-0.2837853711286751,0.11267845594503555,0.012311350822237332,-0.5055377811922674,-0.06203296106508274
aligned,356,0.615974723100382,-0.2854556480592051,0.14556983096686393,0.05081872211974049,-0.5719346771937475,0.0010233810753373374,-0.4502342736421605,0.1145733088253513,0.0001059495472898332,-0.6757157745013431,-0.2247527727829779
aligned,357,0.6128903606330538,-0.49366397250348354,0.1474777109154309,0.000920847538177877,-0.7838976779452008,-0.20343026706176626,-0.4971327815187208,0.11640122272043024,2.6266207042307546e-05,-0.7262116365324564,-0.2680539265049853
aligned,358,0.6771816917315229,-0.44715950444909736,0.15447592618474323,0.0040767180114677955,-0.7511655822478553,-0.14315342665033937,-0.42152963637321134,0.11374883991839095,0.000251452084011175,-0.6453885735789646,-0.19767069916745805
aligned,359,0.6547569654288757,-0.3302689128184477,0.1536647486186388,0.032419835024168314,-0.6326786065309576,-0.027859219105937805,-0.27972407611841954,0.11629413406543396,0.01677203968710496,-0.5085921795103235,-0.05085597272651557
aligned,360,0.6541726713079721,-0.4659951253144238,0.1538232543623449,0.0026656275596613336,-0.7687167557192247,-0.16327349490962278,-0.4969682567047872,0.11651459589114871,2.6890790541081465e-05,-0.7262702313347131,-0.2676662820748614
aligned,361,0.6800792609466361,-0.29539164600196044,0.1563947360082639,0.059898633534222256,-0.6031739099217366,0.01239061791781565,-0.25645448024967893,0.11548085946196003,0.027124531158211264,-0.4837220504975023,-0.029186910001855554
aligned,362,0.6937670374415011,-0.26412670445860537,0.1539447827314692,0.08725549467061708,-0.5670875006917088,0.038834091774498036,-0.302035251007036,0.11085977974788697,0.006823316433009734,-0.5202084868047002,-0.08386201520937178
aligned,363,0.6524827216780875,-0.3343965789564625,0.16295029533060162,0.04103256462897312,-0.6550800756222237,-0.013713082290701395,-0.3076154580642537,0.12361079436298139,0.013375072089859096,-0.5508828274115697,-0.06434808871693773
aligned,364,0.6656370057417182,-0.3756375613159929,0.1545759788434315,0.015686322802757748,-0.6798405410987194,-0.07143458153326637,-0.31092643237790135,0.11453650544446257,0.007024004682984998,-0.5363355037886849,-0.08551736096711784
aligned,365,0.6513179528778787,-0.240992508681547,0.14729176009249367,0.10286586396041576,-0.5308602659671937,0.04887524860409967,-0.35608186113353457,0.11269383107469891,0.0017425840570793186,-0.5778645296172419,-0.1342991926498273
aligned,366,0.5937464973212272,-0.2773606648379601,0.1504697269793952,0.06628164476562767,-0.5734826086012191,0.018761278925298885,-0.2943887234022763,0.12138763564809071,0.015898297346331778,-0.5332808925496413,-0.05549655425491126
aligned,367,0.6740503350763278,-0.3198069994342404,0.16247377798523926,0.0499563907834239,-0.6395527178147725,-6.128105370828418e-05,-0.3204783783116994,0.11999363933269926,0.007985696185667747,-0.5566271477562089,-0.08432960886718985
aligned,368,0.6704565743308575,-0.3019628892694362,0.14873626219051975,0.04322817329984372,-0.5946734028863692,-0.009252375652503309,-0.2851894355613414,0.1106902189068524,0.010466213124268764,-0.5030289738048772,-0.06734989731780561
aligned,369,0.5973484692666847,-0.14200937333937655,0.1458174069705246,0.33090619910987806,-0.42897562797040156,0.14495688129164844,-0.10828049250471514,0.11674543484329958,0.35442663578340294,-0.3380367606688103,0.12147577565938
aligned,370,0.6277973759811671,-0.40087267782299507,0.15143753111723796,0.008551339022284419,-0.6988992441853192,-0.10284611146067085,-0.32618195396845595,0.1181603980816312,0.006131455944220679,-0.5587228849646766,-0.09364102297223537
aligned,371,0.6377288600464583,-0.10005408367583096,0.1433154895605211,0.4856367168616371,-0.382096606062118,0.18198843871045606,-0.31909836589900686,0.11128219195236567,0.004434841982367391,-0.5381029134465332,-0.10009381835148054
aligned,372,0.6707977678566799,-0.46330466205995424,0.15132489584264255,0.0024025454933785263,-0.7611095640574985,-0.16549976006240996,-0.41397780882189106,0.11289481679657218,0.00029094290719310946,-0.6361560193623294,-0.1917995982814528
aligned,373,0.5936786173650681,-0.39940868012969144,0.1533471341370978,0.00966085324241808,-0.7011933137751079,-0.09762404648427503,-0.33937804550710277,0.1241488782600283,0.006641044100083798,-0.5837043697361289,-0.0950517212780766
aligned,374,0.6408052236656684,-0.24622049699454843,0.1501965747528597,0.10220506039304188,-0.5418048816760658,0.04936388768696895,-0.3753208390823236,0.11521506026050372,0.0012544266118479396,-0.6020653136503068,-0.14857636451434045
aligned,375,0.6482147052150304,-0.34455734756690926,0.13786962132863811,0.01298888595422874,-0.6158824909914826,-0.07323220414233594,-0.24745557887834235,0.1065090435532981,0.020838880160266,-0.4570665191723159,-0.03784463858436879
aligned,376,0.6266166233378587,-0.2649718993991284,0.14485390418230354,0.0683668584714206,-0.5500419964162806,0.02009819761802384,-0.182488329308362,0.11412491241668954,0.11088238299807994,-0.4070873812251034,0.04211072260837939
aligned,377,0.6958670575890804,-0.11375505787287366,0.15661151089033168,0.46819515260466327,-0.42196393118927444,0.19445381544352713,-0.15929816733355215,0.11208557250052173,0.15630569895629784,-0.3798837764181545,0.06128744175105025
aligned,378,0.6161016510508872,-0.28952386736089053,0.15123646798949664,0.05653250209773281,-0.5871547448002592,0.008107010078478194,-0.27729842882078976,0.11917790224833301,0.02065275076996989,-0.5118418189324062,-0.04275503870917327
aligned,379,0.650813430033783,-0.25191188638132617,0.1508460753072322,0.09597428582522727,-0.5487744774535712,0.044950704690918886,-0.266178885950785,0.11466458479948428,0.020945841669595528,-0.49184001890622886,-0.04051775299534108
aligned,380,0.6369644855105357,-0.415470017363179,0.16051560108994084,0.0101181809341524,-0.731362075873992,-0.09957795885236592,-0.42491204278507066,0.12346676118185375,0.0006617811448061491,-0.6678959532868043,-0.181928132283337
aligned,381,0.6576256174105444,-0.4608855270493711,0.15558653689565133,0.0033008070791118805,-0.7670772684303022,-0.15469378566843994,-0.4663008160248214,0.11753148610836756,9.120026987985599e-05,-0.6976040415109745,-0.23499759053866826
aligned,382,0.6340394100392307,-0.5361362070544069,0.15282069683058624,0.0005208365442860872,-0.8368848207534654,-0.23538759335534848,-0.45409376872407387,0.11868707380412061,0.00015890620067552624,-0.6876712031920937,-0.22051633425605402
aligned,383,0.6281799525926529,-0.4914265675820403,0.14109038316851644,0.0005702828424189263,-0.7690901172466535,-0.21376301791742708,-0.45888856910480547,0.11004875638489096,4.0074469557499846e-05,-0.6754657022238,-0.242311435985811
aligned,384,0.6724755651408375,-0.3420712882018229,0.15388095371457375,0.026971065994374207,-0.6449064699812351,-0.03923610642241071,-0.39639640385041297,0.1139801796403658,0.0005814817595093759,-0.6207106201107212,-0.17208218759010477
aligned,385,0.6269336932961574,-0.24379378198556476,0.15177678025259053,0.10927826415048911,-0.5424879850572608,0.05490042108613133,-0.3638696485025405,0.11866760149196687,0.0023674152364986704,-0.5974087612513516,-0.13033053575372944
aligned,386,0.5987609747467723,-0.4219699668757465,0.14405864597715537,0.003662187210777856,-0.7054750088467472,-0.13846492490474588,-0.2970008523947804,0.11406362963065679,0.00968415187910452,-0.5214792991311952,-0.0725224056583656
aligned,387,0.6683539080499519,-0.323649088651174,0.14359459760364204,0.024930820211457566,-0.606240891068123,-0.041057286234225054,-0.30906332902042327,0.10678822712125312,0.004084216657263291,-0.519223705571088,-0.09890295246975858
aligned,388,0.6371828566170811,-0.31310874675222505,0.15286360402509785,0.04141069895954931,-0.6139418011032025,-0.012275692401247651,-0.3663453893772021,0.11845238911856486,0.002172163123141267,-0.5994609618664566,-0.1332298168879477
aligned,389,0.6421304120831147,-0.6323754920327326,0.15024165759442829,3.401632802919404e-05,-0.9280485990037342,-0.33670238506173106,-0.5451868547898018,0.11608442664681934,4.05641515648113e-06,-0.7736422517322253,-0.3167314578473782
aligned,390,0.6525641322970849,-0.34545064718482266,0.15307862980809928,0.024754359349091152,-0.6467068687342779,-0.04419442563536741,-0.413933850575083,0.11578760812764054,0.00040892796451428843,-0.6418051054876273,-0.18606259566253874
aligned,391,0.6524497682593143,-0.32102974725075273,0.15916266069695234,0.04459593308491217,-0.6342592413573489,-0.00780025314415661,-0.3022734477165311,0.12070221461141502,0.012807536976144049,-0.5398167009108299,-0.06473019452223222
aligned,392,0.6880205415200357,-0.5403766043553716,0.15560784122119822,0.0005918932580436806,-0.8466102722979982,-0.23414293641274497,-0.38531478048884077,0.11267525639452215,0.0007149757868704774,-0.6070608938026993,-0.16356866717498214
aligned,393,0.6751576271522204,-0.3038382487217117,0.15825489178526775,0.055824477827972625,-0.6152812685652642,0.007604771121840714,-0.40993406865855175,0.11686632203124742,0.0005221217662969041,-0.6399282441053515,-0.1799398932117519
aligned,394,0.6234414589508742,-0.7294429686007451,0.14988654341035562,1.845920828041775e-06,-1.0244172167078642,-0.4344687204936259,-0.6334402318665776,0.1178132430686722,1.5418419987355903e-07,-0.8652979580731721,-0.4015825056599831
aligned,395,0.5716213363282813,-0.37502962212913993,0.14689752815405427,0.011179853351099113,-0.6641215374547609,-0.08593770680351898,-0.3219522629400713,0.1211829798892945,0.008317968521668653,-0.5604416673586705,-0.08346285852147209
aligned,396,0.6404504549998162,-0.7086947314567387,0.14739042754879886,2.4228925259676687e-06,-0.9987566646708848,-0.41863279824259264,-0.5770112435131406,0.11328820493156866,6.275759252964018e-07,-0.7999636461233428,-0.3540588409029384
aligned,397,0.664779577007877,-0.29938605348009895,0.15334551080120915,0.051834470066944985,-0.6011674924272303,0.0023953854670324404,-0.3788054394692506,0.11559554906006576,0.0011740751593648294,-0.6062987200764844,-0.15131215886201677
aligned,398,0.6107971304416294,-0.3597229042162773,0.14742216749276704,0.01526840701749014,-0.6498473011172491,-0.06959850731530548,-0.3492154444069566,0.11596624638863304,0.00282515428609192,-0.577438261333485,-0.12099262748042827
aligned,399,0.668378861471333,-0.28251427381196714,0.15025217276021158,0.06105017169027842,-0.5782080744559968,0.013179526832062471,-0.14121901040421378,0.11230383002362748,0.20957368613575833,-0.3622341526356567,0.0797961318272292
aligned,400,0.6741168290204236,-0.46169386961721587,0.15692697466764274,0.0035167771370883593,-0.7705235704502177,-0.15286416878421405,-0.2580957063547307,0.11667725003878528,0.027726815007879196,-0.4877177860920858,-0.028473626617375625
aligned,401,0.6328667146504046,-0.16306691010227248,0.14737661713443326,0.2694211660259842,-0.4531016646484684,0.12696784444392345,-0.18626400061811846,0.1145315177401653,0.10494736324872515,-0.4116632561733391,0.039135254937102154
aligned,402,0.6776465505279382,-0.08812732046459852,0.1532826502432467,0.5657715788353986,-0.3897850508692639,0.21353040994006683,-0.12116605580963098,0.11283694973800126,0.2837800157399154,-0.3432303833580299,0.10089827173876796
aligned,403,0.6861842720326771,-0.3775896755070047,0.15964891610025855,0.01866658498495461,-0.6917761122364324,-0.06340323877757692,-0.4050486045655013,0.1139004856058103,0.0004379807183555639,-0.6292059821108825,-0.18089122702012003
aligned,404,0.6662383786104185,-0.5987671926217997,0.14535539239225612,4.931596587801078e-05,-0.8848242101743089,-0.3127101750692905,-0.5264464950491591,0.10792455852218932,1.7536351071235266e-06,-0.7388431839869181,-0.3140498061114001
aligned,405,0.5537694896696089,-0.48248657962764474,0.146723392246192,0.0011286675746918584,-0.7712357983554163,-0.19373736089987315,-0.3981776771354976,0.12278630479267882,0.001318676821099181,-0.6398224421637051,-0.15653291210729012
aligned,406,0.6162726062473204,-0.41203748278360186,0.15191318040354004,0.007070949882738275,-0.7110001191052253,-0.11307484646197835,-0.25594534235706595,0.12067676825111048,0.03476004861424929,-0.49343851684130835,-0.018452167872823527
aligned,407,0.6318407186500291,-0.5209238446617702,0.16826110863052396,0.002149221794037594,-0.8520589344081257,-0.18978875491541475,-0.5192325956466669,0.13185574098320144,0.00010255975797941875,-0.7787261083906525,-0.25973908290268133
aligned,408,0.6195305400614045,-0.3051089926984091,0.15110884221860443,0.04437145740267122,-0.6024887047232486,-0.007729280673569594,-0.37087076209101805,0.11837359682606506,0.0019033153500152423,-0.6038312705033846,-0.13791025367865145
aligned,409,0.6107057143042633,-0.32078081876935427,0.1465594616867447,0.029394110002076576,-0.609207424856828,-0.0323542126818806,-0.35633234998446206,0.11608136140728242,0.0023415816911096636,-0.5847817145025945,-0.12788298546632962
aligned,410,0.5990255719601261,-0.46115103881296726,0.14005745214686022,0.001112627326311062,-0.7367817972441113,-0.18552028038182317,-0.57117258288848,0.11169388448307223,5.682841999191067e-07,-0.7909873457528891,-0.351357820024071
aligned,411,0.619961968597207,-0.21304548166032233,0.14493761320922402,0.14264421292109145,-0.49828031666337935,0.07218935334273469,-0.31711720603274046,0.11308784649660619,0.005378247728946271,-0.5396753010935814,-0.09455911097189951
aligned,412,0.6576741767537638,-0.3399540859414609,0.15249146691674795,0.02653957632477391,-0.6400547805940247,-0.0398533912888972,-0.4107643110712755,0.11593759260498593,0.00045952392454255,-0.6389307370442014,-0.18259788509834954
aligned,413,0.6601603560390665,-0.4124361566802426,0.14971959482435715,0.00623672251902412,-0.707081852720532,-0.11779046063995313,-0.4085145229847956,0.11223184035254699,0.00032176481782878407,-0.6293879887712794,-0.18764105719831184
aligned,414,0.6442474991676622,-0.12139436711926664,0.14171693126697316,0.3923579804345302,-0.4002909531194983,0.157502218880965,-0.1497080683070065,0.10845406708694796,0.16851052341571368,-0.3631468357805401,0.06373069916652707
aligned,415,0.6564867788569099,-0.29527596961428304,0.16573262569937103,0.07582959166580087,-0.6214350466079354,0.03088310737936928,-0.26789556898924527,0.12488278542112012,0.032752324475224345,-0.5136662303843259,-0.02212490759416466
aligned,416,0.6910853549615613,-0.16494054905405311,0.15699983113858007,0.2943065757700533,-0.4739136302215766,0.14403253211347036,-0.2955223474614797,0.11394508295045022,0.009971336472894745,-0.5197674930595326,-0.07127720186342684
aligned,417,0.6201632738782448,-0.3525983961967579,0.14055421677537372,0.012652820413990266,-0.629206779232806,-0.0759900131607098,-0.29999028933650274,0.11262395518222093,0.008153249792727373,-0.5216354413142162,-0.07834513735878923
aligned,418,0.6764698590354409,-0.29984539101676594,0.15817610223657266,0.058977965970539024,-0.6111333543265147,0.011442572292982789,-0.33151807542746875,0.11641237698848804,0.0047105889058662535,-0.5606188821604,-0.10241726869453749
aligned,419,0.6167036840236123,-0.3613071223738934,0.15289269386298338,0.018764882680928144,-0.6621974250465854,-0.06041681970120144,-0.36030213604093,0.12117060888612012,0.003186264835147893,-0.5987671941925714,-0.12183707788928849
aligned,420,0.6746669957315696,-0.289128332169918,0.15682060659399902,0.066224634304795,-0.597748702386363,0.01949203804652694,-0.3346692167074418,0.11632120315894623,0.004305171009423174,-0.563590592365763,-0.10574784104912063
aligned,421,0.6578158553277722,-0.39324696690739275,0.15077226973715716,0.009561763787599155,-0.6899643098336491,-0.0965296239811364,-0.30386850132496496,0.11435406458716314,0.008305566094705476,-0.5289185271714398,-0.07881847547849014
aligned,422,0.6119900811739076,-0.4502109063123708,0.14938113750205192,0.0028020307510968935,-0.7441905239183207,-0.1562312887064209,-0.4063107726324048,0.11753086421363851,0.0006261574129967203,-0.6376127742230597,-0.17500877104174983
aligned,423,0.6305930099229177,-0.49382429128490307,0.14709622986679854,0.0008900676079478382,-0.7833072483076687,-0.2043413342621374,-0.6115397020239673,0.11389742818669839,1.600863625014757e-07,-0.8356910625357378,-0.3873883415121969
aligned,424,0.6370972653895804,-0.5439137962461067,0.1486009054880513,0.00029815325690297996,-0.8363579301025326,-0.2514696623896809,-0.39376827403802,0.11691357017715993,0.0008572809044053884,-0.6238554343428325,-0.16368111373320748
aligned,425,0.6455258664876463,-0.43386648635890823,0.14872857117422913,0.003801741103640242,-0.7265618641824878,-0.1411711085353286,-0.27530741510033885,0.1144020187998646,0.016719222794272556,-0.5004518153518414,-0.05016301484883637
aligned,426,0.6931224457784612,-0.19978187458239732,0.15438113325564182,0.19664239268802824,-0.5036014014583616,0.10403765229356693,-0.3487151354697044,0.1125870859494819,0.0021402932357296512,-0.5702877284018709,-0.12714254253753784
aligned,427,0.6674909555835805,-0.4642285742750575,0.15744007467256504,0.0034456224948055964,-0.7740680474646167,-0.1543891010854983,-0.3509894616386899,0.1167537655357317,0.0028716860344341175,-0.5807621246948593,-0.12121679858252038
aligned,428,0.6339339535725408,-0.11667760447281696,0.14960586442657156,0.4360708352981606,-0.4110994809639299,0.177744272018296,-0.14012069692678744,0.11549258223102896,0.2260037753647171,-0.36741133770989504,0.08716994385632015
aligned,429,0.6332878037063876,-0.5148093358087319,0.14716211966415155,0.0005399965965161598,-0.8044219628671786,-0.2251967087502852,-0.36769389342087105,0.11279949545284858,0.0012453095995277616,-0.5896845105342968,-0.1457032763074453
aligned,430,0.721201247194103,-0.6960163570303594,0.15705765066658484,1.3173605024666122e-05,-1.0051032260764412,-0.3869294879842775,-0.43833085080551587,0.11146143823669177,0.00010473489781049024,-0.6576881569634694,-0.21897354464756233
aligned,431,0.6280315476538169,-0.3496338915589373,0.14945185504895656,0.01997517187030868,-0.6437526801321505,-0.055515102985724096,-0.3232744046295812,0.1164847077305331,0.005866958027775186,-0.5525175590387887,-0.09403125022037359
aligned,432,0.6520460592361443,-0.14937690629956557,0.14903134120272854,0.3170055882476028,-0.44266813055120957,0.14391431795207843,-0.36942301237668146,0.11491137520105811,0.0014494209615959666,-0.595569831489879,-0.1432761932634839
aligned,433,0.5819735018231179,-0.28580359517031273,0.14499592327192254,0.049638942512955794,-0.5711531834161241,-0.00045400692450142666,-0.3476300132946774,0.11915278453831642,0.003798582766832076,-0.5821239714835298,-0.11313605510582506
aligned,434,0.6644264333365487,-0.3848659124467532,0.15378674081740137,0.012865925142238511,-0.6875156847966523,-0.08221614009685418,-0.35412789730214383,0.11508900374172051,0.0022866374166395365,-0.580624291288884,-0.12763150331540363
aligned,435,0.6229277174789922,-0.31069660029047447,0.15117586778667771,0.04073401675354862,-0.6082082175290611,-0.01318498305188781,-0.27661026262799776,0.11860089913100723,0.020356498733790928,-0.5100181044148874,-0.043202420841108174
aligned,436,0.6725718043344725,-0.5842232257673978,0.14887589678941793,0.00010816955002005022,-0.8772085379745349,-0.2912379135602608,-0.5982790950312076,0.11079369782532787,1.3702713343916547e-07,-0.8163222808963784,-0.3802359091660368
aligned,437,0.653454733622958,-0.470438419180842,0.14979302264308603,0.0018559793683253444,-0.7652286199586942,-0.1756482184029899,-0.48151385687593456,0.11339829958490474,2.9139366480450113e-05,-0.704682926944948,-0.2583447868069211
aligned,438,0.7164416237996992,-0.4224593575302114,0.16343188860243682,0.01021682922365085,-0.744090621820876,-0.10082809323954678,-0.1830384749478262,0.11347228732064908,0.10779539739528293,-0.4063531536744917,0.04027620377883928
aligned,439,0.6418014431801872,-0.2709537142217329,0.15288065513117577,0.07736626947190012,-0.571820324868561,0.029912896425095203,-0.24991521806957334,0.11759147785458728,0.03439102998665111,-0.4813365079558513,-0.01849392818329537
aligned,440,0.6050004621205948,-0.26566892774688294,0.13805651191429305,0.055266084288831084,-0.537361868765073,0.006024013271307138,-0.26248266026094147,0.11024346794373287,0.017901176756176515,-0.47944298781651473,-0.04552233270536818
aligned,441,0.6287465824639075,-0.2832661103862109,0.1508557602001569,0.061398170699580826,-0.5801477611681767,0.01361554039575491,-0.2519905342285693,0.1172723538341429,0.03246408454232601,-0.4827837846191939,-0.021197283837944725
aligned,442,0.6564214617876801,-0.26842520003626125,0.15590020012733194,0.08615132833687436,-0.575234225489656,0.03838382541713348,-0.33197091847035054,0.11639851386929155,0.004650040741197264,-0.5610444424359858,-0.10289739450471527
aligned,443,0.6056863055424243,-0.24321670397390735,0.15056038382914755,0.10728375973446763,-0.5395170589239415,0.0530836509761268,-0.18959316296321807,0.12023766291442856,0.11590503198228932,-0.42622217343434604,0.0470358475079099
aligned,444,0.6217867131251196,-0.47979462371336484,0.15918597058269013,0.002800145369159342,-0.7930699912910714,-0.16651925613565832,-0.4222805750392504,0.12469935736132107,0.0008039289098286478,-0.6676902480449128,-0.17687090203358802
aligned,445,0.6338078652032655,-0.4217153813476168,0.1527198589540874,0.006114438347999843,-0.7222655477669917,-0.121165214928242,-0.2619702020613023,0.11898577827802771,0.02845832331998291,-0.49613549013833846,-0.0278049139842661
aligned,446,0.6419918111571795,-0.37710057623054943,0.15571727606716332,0.016046891568856414,-0.6835496101471374,-0.07065154231396142,-0.5018618588227005,0.12085937135735583,4.306882348971677e-05,-0.7397143981789177,-0.2640093194664833
aligned,447,0.6120135709604733,-0.13600988570104292,0.14144274014100333,0.3370379455663498,-0.41436686808256173,0.14234709668047588,-0.2519137574011603,0.11238932088611867,0.02573866399850031,-0.47309714656709345,-0.03073036823522715
aligned,448,0.6111376554024716,-0.6023896576882932,0.1410408238373016,2.62213514804104e-05,-0.879955675405547,-0.32482363997103947,-0.4201806288793963,0.11277715851792473,0.0002331816655342432,-0.6421272866652713,-0.19823397109352126
aligned,449,0.5329519408918315,-0.3675841970834053,0.14394490821241016,0.011159670076823551,-0.6508654050071743,-0.0843029891596363,-0.43403664421123134,0.12223515972847812,0.0004465718368069932,-0.6745967498406557,-0.193476538581807
aligned,450,0.6065996035740038,-0.19613646840589347,0.14888014398117475,0.1887160067132488,-0.489130139016437,0.09685720220465008,-0.531354720281726,0.11875045514846759,1.093334321395696e-05,-0.7650568899153473,-0.2976525506481048
aligned,451,0.6807914210342976,-0.3435723213712742,0.14005278718541334,0.014735289529835632,-0.6191938992351442,-0.0679507435074041,-0.39808696996297377,0.10281985408128784,0.000133040269261731,-0.6004375458000668,-0.19573639412588067
aligned,452,0.6573873569998737,-0.27902429295930964,0.1557379218352464,0.07421066870601858,-0.5855139574073539,0.027465371488734625,-0.4484594670946178,0.11841157909106251,0.00018443652257792658,-0.6814947250119561,-0.2154242091772796
aligned,453,0.6332182165368305,-0.4708597678005327,0.15613520491295532,0.0027852569442425655,-0.7781312788004187,-0.16358825680064665,-0.43610387919385407,0.12132850829288211,0.0003807296338740824,-0.6748796850718769,-0.19732807331583124
aligned,454,0.682194654085039,-0.4328571935257856,0.15569461080276986,0.00577993733010954,-0.739261622575449,-0.1264527644761222,-0.4638884597806377,0.11359468227208895,5.70956724019379e-05,-0.6874440130847348,-0.2403329064765406
aligned,455,0.577343907592228,-0.29529131687607924,0.14053750271681123,0.036469711033687686,-0.5718668069202342,-0.018715826831924243,-0.299005073371907,0.11500721778567821,0.009793374705228414,-0.525340511719793,-0.07266963502402099
aligned,456,0.6592419950257227,-0.11311525002289641,0.15360074693444603,0.46205407289650835,-0.41539898947531867,0.18916848942952585,-0.26798730428079953,0.11777228056426495,0.023592420459791093,-0.49976441583929326,-0.0362101927223058
aligned,457,0.6649711190472789,-0.4303467432061019,0.14694525842926734,0.0036683112796628,-0.7195325909270038,-0.14116089548519994,-0.3676047670349102,0.11008905568546688,0.0009478884407815274,-0.5842612096097508,-0.15094832446006956
aligned,458,0.6674044084487746,-0.20053671033608952,0.14869020166383706,0.17846463043537808,-0.4931565775953408,0.09208315692316174,-0.33533985476051986,0.11114536725630111,0.0027734816538290733,-0.5540751298383974,-0.11660457968264235
aligned,459,0.6697925059563747,-0.1480217531336636,0.1580528717872005,0.34975965084599037,-0.45906720094922326,0.16302369468189604,-0.29169476265956223,0.11799049920398852,0.01399096915443064,-0.5239013308419833,-0.059488194477141154
aligned,460,0.6257735901755702,-0.6199918931254879,0.1521365546978621,5.905388641251301e-05,-0.9193941263783296,-0.32058965987264604,-0.5875287531978807,0.11871758603834694,1.254266391880328e-06,-0.8211662360701795,-0.3538912703255819
aligned,461,0.6595381909642274,-0.5361271295347765,0.15448823739121978,0.0005968690071136685,-0.8401574355850578,-0.23209682348449517,-0.43187995473731944,0.1165067862409436,0.0002503969544580276,-0.6611665598918632,-0.20259334958277567
aligned,462,0.6734807868430375,-0.09439620410720553,0.1485126970156591,0.5255198706907305,-0.3866667451431649,0.19787433692875386,-0.2518628887173192,0.1107899557952476,0.023722220599158544,-0.46989871022714924,-0.03382706720748921
aligned,463,0.6578182207769548,-0.6426884248178244,0.14938596374939536,2.2977775404734447e-05,-0.9366775403990355,-0.34869930923661324,-0.5827058291266161,0.11240129533285383,4.0267998025971495e-07,-0.8039127841321805,-0.36149887412105164
aligned,464,0.6386441061059043,-0.35150790578877195,0.14847766287873984,0.01855377630430854,-0.6437095002204485,-0.05930631135709541,-0.3615831281733003,0.1152957094165881,0.0018840578724391278,-0.5884863211456253,-0.13467993520097526
aligned,465,0.6300011746566129,-0.26417414389222377,0.14699350152655496,0.07332246173642801,-0.5534549332338008,0.025106645449353315,-0.24422622443297196,0.11455950075081023,0.03384062590424779,-0.46968055085333094,-0.018771898012612975
aligned,466,0.658797825063199,-0.579487308196262,0.1630886202526173,0.0004425091290539098,-0.900443026029699,-0.2585315903628252,-0.30458544669356785,0.12269524600988134,0.013602352854514185,-0.5460510070603923,-0.06311988632674342
aligned,467,0.6374913393952244,-0.46187007952556464,0.14647218642819484,0.001779579871934395,-0.7501249293420393,-0.17361522970909,-0.4393120288160174,0.11292408189960478,0.0001236856404504249,-0.6615478333931666,-0.21707622423886813
aligned,468,0.6160038636438946,-0.3551661664792351,0.15259482254672413,0.020609935247565773,-0.6554702633088468,-0.05486206964962337,-0.4564144954791323,0.12167556771391475,0.00021181280175648168,-0.6958733180208446,-0.21695567293742
aligned,469,0.6031050801929837,-0.603080091785345,0.1393461453089316,2.059326963710667e-05,-0.8773110100779584,-0.3288491734927317,-0.47670555170727036,0.11176597122276141,2.689937397522544e-05,-0.6966621820487018,-0.25674892136583893
aligned,470,0.674971761878829,-0.6839103168542336,0.14750816917666246,5.3174921136488476e-06,-0.9742039636522661,-0.3936166700562011,-0.5193991304570261,0.10927478379176168,3.129949019869356e-06,-0.7344530772099125,-0.30434518370413977
aligned,471,0.6226977362826208,-0.504958843181955,0.15766489476998385,0.001509126649399272,-0.8152407586194079,-0.19467692774450224,-0.3481993570944546,0.12411855141707977,0.005358622707523403,-0.5924659977712253,-0.10393271641768384
aligned,472,0.6687863947045858,-0.055490916388399494,0.1484068192974474,0.7087374454499188,-0.34755309181921384,0.23657125904241488,-0.21879759731895507,0.11137530696898254,0.05040659538396514,-0.43798539621807936,0.0003902015801692249
aligned,473,0.6385117446268734,-0.17463413575791795,0.14534376891501433,0.23050494174019093,-0.46066827849870773,0.11140000698287181,-0.2053159803655383,0.11249981301787504,0.06900363730752979,-0.4267168192320778,0.01608485850100122
aligned,474,0.6196708631197656,-0.41428331050274936,0.15918861050111477,0.009719875010844781,-0.7275638733964238,-0.10100274760907485,-0.35969588826081644,0.12555989211927424,0.004472258370170412,-0.6067991029015602,-0.11259267362007264
aligned,475,0.6575244009809922,-0.17098386202617671,0.1579482786068142,0.2798948821057813,-0.48182347218586946,0.13985574813351603,-0.14912126006697254,0.12084256000287508,0.2181770232532305,-0.386940714497227,0.08869819436328191
aligned,476,0.6348451839690951,-0.3647936842564879,0.14542263285528376,0.012657102653320524,-0.6509830299324741,-0.0786043385805017,-0.3593565179593912,0.11239760025248019,0.0015379623422053798,-0.5805562010071411,-0.1381568349116413
aligned,477,0.6252093980144648,-0.5085762132800555,0.15354437576574,0.0010399175386051464,-0.8107490152011582,-0.2064034113589529,-0.40477660205607674,0.11979723106246722,0.0008254571952454389,-0.6405388379177901,-0.16901436619436336
aligned,478,0.6365031611826405,-0.5375311028908103,0.15259607509950274,0.0004945919958761511,-0.837837664723655,-0.23722454105796564,-0.5301157034020596,0.11802578683046513,1.0148375811216709e-05,-0.7623917180119364,-0.29783968879218276
aligned,479,0.6628714566585162,-0.1568083295650354,0.16107713164822904,0.33109784961233224,-0.47380547096355485,0.16018881183348402,-0.43742240481377165,0.12270197798663351,0.0004242025775151148,-0.678901213783062,-0.19594359584448132
aligned,480,0.6620126468628326,-0.08419442410809391,0.1501836732223926,0.5754862930492185,-0.3797534187901999,0.2113645705740121,-0.12232529791511293,0.1124221205317936,0.2774408746789299,-0.3435732371355942,0.09892264130536829
aligned,481,0.6370396006095004,-0.47861670510562554,0.13824841519864775,0.0006149209738400927,-0.7506873086258912,-0.20654610158535985,-0.3893052478755844,0.10671889978097976,0.0003122926670503587,-0.5993291874768787,-0.17928130827429017
aligned,482,0.6625717931421345,-0.12550921284197505,0.14329395365475364,0.381799671554514,-0.4075093529205076,0.15649092723655753,-0.2672643340489249,0.10742741795776359,0.013401656463445391,-0.4786826450227938,-0.05584602307505601
aligned,483,0.6314941289561234,-0.37428173038919904,0.15845890315524652,0.018821113755520567,-0.686126241247859,-0.06243721953053899,-0.3525109675361572,0.12298352380500432,0.004450451677613219,-0.5945438616962981,-0.11047807337601628
aligned,484,0.648890752563194,-0.347854176107034,0.15837100039128638,0.02883236197762146,-0.6595256957743855,-0.03618265643968255,-0.516650039970605,0.12193876770521282,3.0294293792840863e-05,-0.756626842918683,-0.276673237022527
aligned,485,0.6417054623326282,-0.49853953295377057,0.14796978840637187,0.0008534379346855672,-0.789741638790868,-0.2073374271166732,-0.45444139850841314,0.11357167832747443,7.964575138621197e-05,-0.677951679802733,-0.23093111721409337
aligned,486,0.6638836804908773,-0.2728973827884376,0.1520099052036519,0.07362875671064421,-0.5720503719231765,0.026255606346301308,-0.32095878796523497,0.11366617690583954,0.005069391623444973,-0.5446550434755155,-0.09726253245495448
aligned,487,0.6597790789705905,-0.2184328544453406,0.15332059900083728,0.1552995211922485,-0.5201652673797528,0.0832995584890715,-0.23551477083826455,0.11575868801556259,0.04278907647325536,-0.46332911065999743,-0.0077004310165316725
aligned,488,0.5954640595006899,-0.2781702645343264,0.1487514866849434,0.06246277797176482,-0.5709107397054672,0.014570210636814407,-0.2540301442423589,0.1196823728897272,0.034622798717040805,-0.48956633798797317,-0.018493950496744682
aligned,489,0.6285528749321755,-0.18656386342687553,0.1529115559728517,0.2234036026138914,-0.48749128642104217,0.1143635595672911,-0.18794105524608792,0.1191803260614562,0.11587582580578258,-0.42248921544793244,0.046607104955756595
aligned,490,0.7354531863664406,-0.3559613170435855,0.15542623424073518,0.022709007768748457,-0.6618375854405676,-0.0500850486466034,-0.4476538500589068,0.10556125920408833,2.9822504961150242e-05,-0.6553995405862316,-0.23990815953158198
aligned,491,0.6614680191074735,-0.236626010685182,0.1490832661077234,0.11352978225469355,-0.5300194222944126,0.05676740092404861,-0.3214027373232555,0.1123099013135056,0.004513451707560155,-0.5424298279183087,-0.10037564672820234
aligned,492,0.6672627795506828,-0.20575635426494887,0.15446375746152174,0.18385883558193233,-0.5097384842168822,0.09822577568698437,-0.2918931991599422,0.11567255937101496,0.01214466249958572,-0.519538036885256,-0.06424836143462839
aligned,493,0.6252448097206816,-0.4549477085848945,0.15629739962185596,0.0038780888814976106,-0.7625384160998001,-0.14735700106998884,-0.43221176650647974,0.1227865261743274,0.0004994148624905418,-0.6738569672161465,-0.19056656579681294
aligned,494,0.656685193035875,-0.2916413849852822,0.15487436207410116,0.0606661465540844,-0.5964315780502151,0.013148808079650687,-0.19640867396712633,0.11833723387042834,0.09802641553719542,-0.4292976196927144,0.036480271758461774
aligned,495,0.630507930013885,-0.5782628136017635,0.15647019531993853,0.00026106908174518213,-0.8861935802037514,-0.27033204699977553,-0.5421444605420613,0.12099088551877558,1.063445946274819e-05,-0.7802558211787773,-0.3040330999053453
aligned,496,0.6929902993405532,-0.5456181703621064,0.1588874223900277,0.0006793803985489605,-0.8583060000151225,-0.23293034070909024,-0.4948197634191622,0.11496444502330617,2.2814740594154916e-05,-0.7210710245118531,-0.2685685023264712
aligned,497,0.6029890781173707,-0.32099557603381207,0.1482463286894837,0.031161851797175653,-0.6127419085921764,-0.029249243475447828,-0.4311127234691261,0.11729103413258288,0.0002816799462166564,-0.6619427368874744,-0.2002827100507778
aligned,498,0.6590862990577326,-0.37428144614796455,0.15045679319100141,0.013408111139074216,-0.6703779364287439,-0.07818495586718521,-0.24350293448242485,0.11345284450287293,0.03266242476881825,-0.4667793495351331,-0.020226519429716622
aligned,499,0.6526978856867326,-0.7563152366614776,0.14374984569186086,2.743519606069025e-07,-1.0392125647583872,-0.47341790856456795,-0.5591563046463465,0.10854436895660308,4.728517884239589e-07,-0.7727727871680791,-0.34553982212461387
aligned,500,0.6304655458924495,-0.23106655680712854,0.15318864901617746,0.13252052704748452,-0.5325392943455566,0.07040618073129948,-0.33422436382186194,0.11800285440211815,0.004937893188037311,-0.5664552471667431,-0.10199348047698073
null,1,0.7084336271419798,-0.3529424717468905,0.15510481989710498,0.023587620318595428,-0.6581862020107889,-0.04769874148299208,-0.2825569193444058,0.1087925109300136,0.00986813275173409,-0.49666174793176576,-0.06845209075704584
null,2,0.7067882243963315,0.06463756863566447,0.1529575638737001,0.6729038668048997,-0.23638039714940892,0.36565553442073784,0.1349698948188304,0.10908358598052291,0.21695374691341204,-0.07970777259045403,0.3496475622281148
null,3,0.5852584672575318,0.04225796977094083,0.13664624386911464,0.7573475389407134,-0.2266595869679741,0.31117552650985575,-0.02861335052850027,0.11171135739133901,0.7980233940854828,-0.2484625002638198,0.19123579920681924
null,4,0.6120419608173449,0.2897174856350806,0.14620089069660103,0.0484413699873827,0.0019965413488873818,0.5774384299212738,0.13455464100999281,0.11556689501468774,0.24523964243214247,-0.09288224812854937,0.361991530148535
null,5,0.6284773246610954,-0.13509380070064458,0.14877589557131232,0.36459563834104647,-0.42788231215803224,0.15769471075674307,-0.07127473744640686,0.11621427027770914,0.5401459763267309,-0.2999856680473256,0.1574361931545119
null,6,0.6583157679718246,0.005753189827992918,0.15281040752815273,0.969992671717532,-0.2949751746933887,0.3064815543493746,-0.0016825484994702077,0.11571014247773678,0.9884081149329625,-0.22940135018198723,0.2260362531830468
null,7,0.6795564178077866,0.14859352168317,0.15923922872507257,0.3515023409413631,-0.16478665704133724,0.46197370040767727,0.05911964633545756,0.11757592763747439,0.6154640303282732,-0.17227104055672654,0.29051033322764164
null,8,0.7074600807193802,0.12631322762694638,0.1518920764006704,0.4063036835475876,-0.17260787636471017,0.4252343316186029,0.05554932808154213,0.10796057322902088,0.607263027519737,-0.1569182381856109,0.2680168943486952
null,9,0.6514402346786047,0.08799532958822946,0.14430927101241212,0.5424810179636036,-0.1960029383232032,0.37199359749966215,0.046881790765348735,0.10985235998403078,0.6698564337581276,-0.1693088321299007,0.2630724136605982
null,10,0.6821359794336771,-0.24885251452519733,0.15520369326055491,0.10991080733497235,-0.5542908259394637,0.056585796889069034,-0.06764584356856217,0.11496053582897464,0.5566946659709595,-0.29388941132487256,0.1585977241877482
null,11,0.6593918396267662,-0.04135318237953644,0.15173338119113766,0.7853974060865805,-0.3399619768132765,0.2572556120542036,-0.16426484724087675,0.11500818354669363,0.15426316615816246,-0.3906021862168014,0.06207249173504786
null,12,0.6424139998728912,-0.23488232985559523,0.15490059182425606,0.13049640299389104,-0.5397241426367076,0.06995948292551721,-0.09788941901581504,0.12008698352673439,0.41563939694500796,-0.3342218908355402,0.13844305280391017
null,13,0.5980217666259344,0.07317735463925965,0.1476902688564983,0.6206287872577653,-0.21747466132866608,0.36382937060718534,0.01144815589759429,0.11874751933343972,0.9232621460682086,-0.222248236020558,0.24514454781574657
null,14,0.6336872285857934,-0.03579607975680566,0.15425405170772555,0.8166518086056469,-0.3393655122400914,0.2677733527264801,2.8876346377000845e-05,0.11921481910622626,0.9998068986750652,-0.23458716653760084,0.23464491923035483
null,15,0.5912872210519546,-0.13327472887303507,0.15340869512354954,0.3856820677449191,-0.4351805135255944,0.16863105577952428,0.029766492111218724,0.12649995001134154,0.8141321397678449,-0.21918676654563152,0.278719750768069
null,16,0.5614990253340955,-0.1967926808439628,0.1346847380549331,0.14503533376842437,-0.4618500264556394,0.06826466476771381,-0.2463544279127327,0.11210127455183623,0.028751643660004888,-0.4669709388027666,-0.025737917022698842
null,17,0.6563773683227216,-0.20326317116130646,0.1533676572586409,0.1860794385528241,-0.505088193971809,0.09856185164919609,0.020778915576634787,0.11606232839732031,0.8580347544353435,-0.20763299177371466,0.24919082292698422
null,18,0.6303315450780952,0.23572088465703842,0.14650759607729616,0.10869342395344542,-0.052603650765506965,0.5240454200795838,0.13342971191771155,0.11438314443105556,0.24434505124975262,-0.09167754337349901,0.35853696720892214
null,19,0.6487277946808658,0.10768130337190136,0.1512686107623086,0.47711339804701014,-0.1900128305148212,0.4053754372586239,-0.0330597532724972,0.1155982691434762,0.7750871202942522,-0.2605583870330626,0.19443888048806823
null,20,0.6030263708936565,0.08703514961688565,0.14876042241330706,0.5589453776981832,-0.20572291092046213,0.3797932101542334,0.03522308601882463,0.11879948826121077,0.7670623770344904,-0.19857558130668035,0.2690217533443296
null,21,0.6500253850437542,0.09834888010752646,0.1374478484114794,0.47484006024582015,-0.17214622116462874,0.36884398137968166,0.13818409890133382,0.10475032069920397,0.1881298670295537,-0.06796565594899526,0.3443338537516629
null,22,0.5998925707683382,0.17059362700617914,0.14806806043865275,0.25019427059627014,-0.12080187657145225,0.4619891305838105,0.11186651358671919,0.11897893007362216,0.3478707417571052,-0.12228529715058241,0.3460183243240208
null,23,0.6555983366757013,0.30863811671833385,0.15385047273218289,0.04575301325066578,0.005862921010104105,0.6114133124265636,0.22279870838316207,0.1165470883558653,0.05688492113852833,-0.006567211765890563,0.45216462853221473
null,24,0.6619599730988776,-0.20424130659169085,0.1558886586813009,0.19114927415381971,-0.5110276186694375,0.10254500548605575,-0.2372821186550663,0.11759419234619642,0.044513660327054054,-0.4687087506899509,-0.005855486620181677
null,25,0.6512794346919542,-0.06820967027124193,0.1576598092856692,0.6655915497092388,-0.3784815775593449,0.24206223701686108,0.12711691921010385,0.11913989610462102,0.2868615575437571,-0.10735167440297463,0.3615855128231823
null,26,0.6419960138570415,0.08143761383230842,0.1564270024807532,0.6030256945253774,-0.22640814997374858,0.3892833776383654,0.009040700532304055,0.12007372107768374,0.9400325187295282,-0.2272656706454159,0.24534707171002398
null,27,0.6624866515487845,0.0716738083447614,0.15195480122109595,0.6375026275026767,-0.22737073706012484,0.3707183537496476,0.10512370644210038,0.11390545961067886,0.35680935010624104,-0.11904345999822107,0.3292908728824218
null,28,0.6328177477068159,-0.12092415428683762,0.15167606442071607,0.425941175618491,-0.4194201502606602,0.17757184168698498,0.02097098361927441,0.11882145222716735,0.860028470592505,-0.21287090902685266,0.2548128762654015
null,29,0.6745758068935053,0.13751954029945726,0.15725608186652199,0.3825557396043249,-0.1719578380790215,0.446996918677936,0.11745825360649959,0.1166834059582888,0.31492969778536567,-0.11217594104647638,0.34709244825947555
null,30,0.5893185003896183,-0.27428482828097855,0.1446812454728142,0.05895881051197206,-0.5590151358023431,0.010445479240385969,-0.1811279241799764,0.11783693048600458,0.12533543732630512,-0.413032267477989,0.05077641911803621
null,31,0.6449842394440177,-0.09956168619160378,0.1445517303385171,0.49151095501681874,-0.3840371100623848,0.18491373767917724,-0.018084695214018284,0.11105808032702863,0.8707555457273837,-0.23664818867871265,0.20047879825067608
null,32,0.6675776175333404,0.27417093708602697,0.14727419431847746,0.06364209975889279,-0.015662251045745368,0.5640041252177993,0.20035463196439657,0.11059356477099826,0.07105677429268498,-0.017294689902916216,0.41800395383170935
null,33,0.6625562075191131,0.09659069978933238,0.14191966028131345,0.4966540617230695,-0.18270485357123667,0.37588625314990143,-0.022049945835000792,0.10614261956090759,0.8355757351514079,-0.23093975978111814,0.18683986811111658
null,34,0.6452041691133064,0.15261357065400263,0.1458158537176165,0.2961265834795233,-0.13434962720088847,0.4395767685088937,-0.04696462646651143,0.11289326817424207,0.6777048004570125,-0.2691397893015911,0.17521053636856826
null,35,0.7043678605085589,0.10781352780518576,0.15545513366214744,0.4885160930497686,-0.19811961417702856,0.4137466697874001,0.06506992275216539,0.110444895641476,0.5562020537994873,-0.15228681667339206,0.28242666217772283
null,36,0.6391196956582919,0.05061785069503116,0.14801868277312943,0.7326158190875756,-0.2406804784503288,0.34191617984039113,0.04292035176298172,0.11353481033005886,0.7056741100707409,-0.1805173729169209,0.26635807644288434
null,37,0.5821520731728255,0.121322420054502,0.15150072804875478,0.4238851406331615,-0.17682851682790163,0.41947335693690563,0.11084376621849289,0.12365100066017143,0.3707546304787337,-0.13250272955300818,0.3541902619899939
null,38,0.571478272819008,-0.29750926427239094,0.15246872696669894,0.05196362064970811,-0.5975652070778903,0.0025466785331084707,-0.2611384335876547,0.1253486243459235,0.038082067460661076,-0.5078258709840587,-0.014450996191250703
null,39,0.6778820662028409,0.030085495171026187,0.16059289879547622,0.8515218739579417,-0.2859586839508299,0.34612967429288233,0.08989857830803062,0.11743696697840635,0.44458087398219825,-0.14121863251640016,0.32101578913246137
null,40,0.6043103787492622,0.06904849817723048,0.1553172095469896,0.6569583780592425,-0.2366132114186012,0.37471020777306213,0.14888232896090345,0.12400477662817294,0.23085945998104718,-0.09516040171077395,0.39292505963258084
null,41,0.6228786858571622,-0.09045534358014777,0.1454455442055081,0.534472261345125,-0.3766897784159196,0.19577909125562404,0.0034950001056485856,0.11462376054173606,0.9756959705537396,-0.22208579027260253,0.22907579048389973
null,42,0.596800032413026,-0.17463395063442202,0.15369194330870728,0.25676392303513595,-0.47709716304896443,0.12782926178012036,-0.062343119683959475,0.12292528695935147,0.6124182950204612,-0.3042614031071169,0.17957516373919793
null,43,0.6125715163096973,-0.18923989301939462,0.14741042733052764,0.20022591126149666,-0.479341185474494,0.1008613994357048,-0.09805345217005541,0.11789348496461277,0.4062418516988069,-0.3300690952886599,0.1339621909485491
null,44,0.676287942601634,-0.2935510500496511,0.16061107246759337,0.06859571811098693,-0.6096309946588293,0.022528894559527113,-0.007606855497236898,0.1197638532325269,0.9493989238727786,-0.2433034034315654,0.22808969243709162
null,45,0.6496444773657503,0.1761890413247638,0.15046239157137895,0.2425438763216291,-0.11991846647636736,0.4722965491258949,0.2266285075298773,0.11429848307145574,0.048316447070534646,0.0016878667025681249,0.4515691483571864
null,46,0.6647511950079937,0.1976225711843602,0.15115970203821383,0.19209622272433804,-0.09985723212757416,0.4951023744962946,0.12191569437764035,0.11389107808814337,0.28528497419815,-0.10222316907205276,0.34605455782733346
null,47,0.6236442605572377,-0.20125773782445205,0.14954551122984505,0.17939476704045754,-0.49556084021870345,0.09304536456979934,-0.17620152415406612,0.11733514434552464,0.1342420568638287,-0.4071183469446783,0.05471529863654609
null,48,0.6318357264229635,-0.3123906201182171,0.15153244453941467,0.04012128163027167,-0.6106039745317221,-0.014177265704712116,-0.23825256593268143,0.11823975141488825,0.044808997336968484,-0.47094966514001874,-0.005555466725344127
null,49,0.6322461296585093,-0.15809728933974648,0.1488606885532809,0.28907642925399,-0.45105267198871585,0.13485809330922288,-0.02274399387072525,0.11462451485995283,0.8428513320526613,-0.248326268755319,0.20283828101386847
null,50,0.6108255034755784,0.01471904250475573,0.15782564081920047,0.9257587653302974,-0.29587921850932464,0.32531730351883614,0.03039986016813026,0.12496963007156585,0.8079740441040972,-0.21554171243065787,0.27634143276691836
null,51,0.6763199700206395,-0.01834390477566425,0.14501840064316485,0.8994267769879829,-0.3037377281177742,0.26704991856644567,-0.010015707777310928,0.1083626039836708,0.9264207447110265,-0.22327447488242003,0.20324305932779818
null,52,0.6516667425973682,0.013207594348098055,0.14852276377133436,0.929200338404883,-0.27908275789718423,0.3054979465933803,-0.025146780272896647,0.11181420123622193,0.82221387183725,-0.24519832779820824,0.19490476725241493
null,53,0.6244876821441263,0.05588759262503056,0.13965410652225405,0.6893073435147778,-0.21894938826185611,0.33072457351191725,0.018737403617936996,0.10930934359729785,0.8640135610310953,-0.19638455720298661,0.2338593644388606
null,54,0.6766437553219974,-0.11277249955625067,0.15156375956104062,0.45742856137539356,-0.41104748141641234,0.18550248230391098,-0.12448600040761883,0.11160175642366178,0.2655630827879541,-0.3441194542627997,0.09514745344756205
null,55,0.6918197269118289,0.1389525267631373,0.14122034315159623,0.32594524243384193,-0.13896678200713508,0.4168718355334097,0.07539262820107254,0.10248581725778527,0.4625325475713463,-0.1263005595839708,0.27708581598611587
null,56,0.5942249278091717,-0.21818579314445127,0.1534696972065692,0.15616650956771097,-0.5202116288914069,0.08384004260250436,-0.049658195483349835,0.12330033909343424,0.6874289231844803,-0.29231458552977263,0.192998194563073
null,57,0.55979494179703,0.01593781102852614,0.14595693724998698,0.9131213305520882,-0.27130303689377194,0.30317865895082424,0.1280897159906372,0.12302284141000742,0.29863869048619895,-0.11402055563793137,0.3701999876192058
null,58,0.6326273844939077,-0.07825432773780883,0.1475628185524912,0.5962919150722145,-0.36865552360714443,0.21214686813152678,0.09762502531447537,0.11804678132651028,0.4089016178476429,-0.13469230668883783,0.32994235731778854
null,59,0.6363048938466664,-0.14271909844242614,0.1496995186846913,0.3411776688651029,-0.4373252849706,0.15188708808574775,-0.26982741174619945,0.11527364931729668,0.019908580791426277,-0.4966871902064682,-0.04296763328593073
null,60,0.6715111717538776,-0.10657374921036103,0.1499802604527699,0.4778989449759361,-0.4017324309129985,0.18858493249227645,0.006462170658848311,0.11096843314225056,0.9536012810300505,-0.2119248961845082,0.22484923750220479
null,61,0.6852914394903246,0.024894836616406856,0.1618036853352747,0.8778259714830099,-0.29353215046851955,0.34332182370133324,0.017387871142589217,0.11723310886696041,0.882192186852887,-0.21332814473161787,0.2481038870167963
null,62,0.6244199174921086,0.09578840570549757,0.1549095494986604,0.5368181946233125,-0.20907103563126828,0.4006478470422634,0.18138484789496565,0.12107401525984868,0.13516462416450487,-0.05689011296396068,0.41965980875389197
null,63,0.6284001915754703,-0.060054266879434944,0.14351676074415284,0.675922190704243,-0.3424928876392421,0.22238435388037225,-0.07104756727859556,0.11211306494974232,0.526757158302815,-0.2916872817981907,0.14959214724099956
null,64,0.6238364294288583,-0.12021640332113662,0.15533415848660923,0.4395929678970151,-0.4259114681509123,0.18547866150863904,-0.11684967564081938,0.12155331807550561,0.33718401014605637,-0.3560679095827034,0.12236855830106466
null,65,0.6348399948538592,0.18995426121969133,0.14513598397669344,0.19161323797524948,-0.09567096418566168,0.47557948662504435,0.11662898834908066,0.11301236703303348,0.3029136484529406,-0.10578056231773948,0.3390385390159008
null,66,0.6921899379302254,0.04643055502627822,0.16311887481647316,0.7761164576196944,-0.2745847032903944,0.3674458133429509,0.034347163927816324,0.11777896976339129,0.7707784561987594,-0.19744311204631676,0.26613743990194944
null,67,0.6108502542270146,-0.11511008018110809,0.1387774562518866,0.4075114132555281,-0.3882218277783953,0.15800166741617916,0.025231975623413807,0.11083947977917114,0.8200799391174407,-0.19290130961804872,0.24336526086487634
null,68,0.6511973573027502,0.056078918116755805,0.1364823501183401,0.6814511825952124,-0.21251609842072272,0.32467393465423433,0.11174718412607139,0.10381603764904496,0.2826266401599181,-0.09256389165897667,0.31605825991111947
null,69,0.5843005489969451,0.11289760418197435,0.1446873239463149,0.4358435144539359,-0.17184466567509898,0.3976398740390477,0.15129410157357262,0.11799849052185109,0.2007863573468645,-0.08092819360812925,0.3835163967552745
null,70,0.5890470532390827,-0.09869077940537897,0.14596650546212647,0.4994910207320471,-0.3859504574115349,0.18856889860077697,-0.06899040745836302,0.11703296696965355,0.5559785967674016,-0.29931254193163803,0.161331727014912
null,71,0.6192276046390661,0.18006980579118778,0.1417773297057299,0.20504711159766226,-0.09894564334147557,0.4590852549238511,0.15464000767771652,0.11129203630747432,0.16572578626796775,-0.06438391366626944,0.3736639290217025
null,72,0.6453986711202286,-0.1043412806310013,0.1464278496936619,0.4766662940237868,-0.3925088764843461,0.18382631522234355,0.023911150369117454,0.11307191459327699,0.8326672179592783,-0.19861559053506134,0.24643789127329624
null,73,0.6125458484526737,-0.035489278011288435,0.1512942796789221,0.8147032086430245,-0.3332339279030206,0.26225537188044373,-0.05827235957647026,0.1196458073197092,0.6265900605381076,-0.2937365918880301,0.17719187273508957
null,74,0.6702611161774304,0.008502265804740908,0.14764757300169903,0.954118027023797,-0.282065725424338,0.2990702570338198,0.035597325013695155,0.1087937384283877,0.7437477979777712,-0.17850991930363308,0.24970456933102342
null,75,0.5728717223006271,-0.13626631367116315,0.14750336590253518,0.3563308386602222,-0.42655050770484537,0.15401788036251907,-0.03822869817443228,0.12052949934359643,0.7513359645489928,-0.2754320458688525,0.19897464951998795
null,76,0.6712438966967403,0.010908772454306027,0.1592448802861639,0.9454312260503812,-0.3024825284493216,0.3243000733579337,-0.0754793156048124,0.1179367576905942,0.5226688131671944,-0.3075801199123587,0.1566214887027339
null,77,0.693332338464431,-0.15022087394950626,0.15836388968257303,0.34360528344811414,-0.46187839985925616,0.16143665196024362,-0.018447536048991336,0.11501235214738686,0.8726784446024907,-0.2447930788757991,0.20789800677781645
null,78,0.641140943042568,0.14936501949228997,0.1475037598013957,0.312066703503746,-0.14091994972786043,0.4396499887124404,0.1063306946521851,0.11330002189866147,0.3487589018177807,-0.11664496387602284,0.32930635318039303
null,79,0.6976853584539833,-0.2802051899390256,0.15025985564699068,0.06319502901868745,-0.5759141103776638,0.015503730499612622,-0.19927185739484912,0.10790633989542196,0.06578704015177761,-0.4116326918796887,0.013088977089990461
null,80,0.5845049897097097,0.05565045495507122,0.1367619565989994,0.6843637070666404,-0.21349482252993318,0.3247957324400756,0.11261520624874923,0.11146721495175604,0.3131772423127217,-0.1067534685464208,0.33198388104391924
null,81,0.6421911771321054,0.042934773395065275,0.1484857079495288,0.7726676472025786,-0.24928265360338445,0.335152200393515,0.03801913866042205,0.11405108251612364,0.7391047149081618,-0.18643461521999172,0.26247289254083583
null,82,0.7035454991457619,0.3528840112804431,0.15898761343673817,0.027203212350855394,0.03999900729811062,0.6657690152627755,0.33175988032868386,0.1130184333747874,0.0035916672430114428,0.10933839103621504,0.5541813696211527
null,83,0.6726675569535335,0.27510438054434694,0.1503848126992389,0.06835173353931899,-0.02085045331449531,0.5710592144031892,0.10495135203738848,0.11124440818859702,0.3462302119219337,-0.11397883665771391,0.32388154073249087
null,84,0.6281869055401395,0.04071391443390643,0.14986258174496775,0.7860606846112526,-0.2542131775104889,0.33564100637830174,-0.03625281465128369,0.11672740424275778,0.7563410026931248,-0.2659735984000884,0.19346796909752104
null,85,0.657761756778052,-0.07356315320864441,0.14633719297765668,0.6155504131821201,-0.3615523381384263,0.21442603172113744,-0.10199685175387765,0.11008390082310894,0.354921590487421,-0.31864314950429884,0.1146494459965435
null,86,0.646393559529914,0.04471703523237516,0.14683216394555101,0.7609258230788888,-0.24424624440776213,0.3336803148725125,0.023898469547545837,0.11219995360454589,0.831474420862062,-0.19691224277680508,0.24470918187189677
null,87,0.5981110105176741,-0.09998374958124993,0.15145574209243848,0.5096681894323205,-0.3980461548427498,0.1980786556802499,-0.06036353951558498,0.12150402093525521,0.6196968775705136,-0.2994847561566187,0.17875767712544874
null,88,0.665222340751203,0.22522857704676646,0.1499334578159687,0.1341104392685951,-0.06983799783770211,0.5202951519312351,0.08965116923519591,0.11087619516032063,0.41941189535955514,-0.12855437227023492,0.3078567107406267
null,89,0.6429550527962579,-0.22685185110170614,0.15121707149115313,0.13463171541493313,-0.5244445565518849,0.0707408543484726,-0.03724598704097749,0.11680508387417167,0.7500477188230357,-0.26711964513771685,0.1926276710557619
null,90,0.6642989609199703,-0.04808542919393206,0.15938572942039375,0.7630978594032086,-0.3617539188732875,0.2655830604854234,-0.059747328606561234,0.11913021537677777,0.6163712583012313,-0.2941968704433937,0.17470221323027124
null,91,0.6536934328111792,0.06505132099291303,0.1488707525448673,0.6624541982670384,-0.2279238674256979,0.3580265094115239,0.07515116749602181,0.11281508869382526,0.5058374740086595,-0.1468701372829233,0.2971724722749669
null,92,0.634939090850306,-0.11255812214852223,0.15089641629936826,0.4562998402714895,-0.4095197834639421,0.1844035391668976,-0.13612012268685006,0.11820484073664742,0.2504306743293091,-0.3687485173049033,0.09650827193120323
null,93,0.6358686497176051,-0.057277363348043224,0.1427392757121517,0.6885079735304727,-0.3381859063736458,0.22363117967755936,0.014868168000690015,0.11005162973484522,0.8926232485943454,-0.20171461990183842,0.23145095590321846
null,94,0.6299476768513107,-0.2292292390305911,0.14486334742142906,0.11462652953258813,-0.5143179201867686,0.055859442125586384,-0.111158791302866,0.11317180990919724,0.32679719373082317,-0.33388212726040783,0.11156454465467584
null,95,0.6598728875129247,-0.06296765737587884,0.15391254582668368,0.6827514383211132,-0.3658650119114552,0.23992969715969753,-0.08995395943469081,0.11586038900931027,0.43813302905188467,-0.3179684479031216,0.13806052903374
null,96,0.6412101822949756,0.06943779100850841,0.1524395515510691,0.6490749715940334,-0.23056073505968552,0.3694363170767023,0.13553679034966956,0.1175430387638211,0.24980691980976183,-0.09578917088634784,0.36686275158568693
null,97,0.5603380976294794,0.04523069345232267,0.15013606095960957,0.7634234785881757,-0.2502346010810205,0.34069598798566586,0.02571707421556509,0.12495048992107775,0.8370744731206364,-0.22018683036173553,0.27162097879286573
null,98,0.6582727632167732,0.08835246367397834,0.14760708399622308,0.5499190895244888,-0.20213584585936503,0.3788407732073217,0.10425772321182589,0.11129107817395148,0.34962402619881894,-0.11476431251510869,0.3232797589387605
null,99,0.6735777982847728,-0.23733715228189675,0.14431001226582493,0.10110328799011987,-0.521336878967834,0.04666257440404045,-0.012589950453271374,0.10747763344151384,0.9068284030687385,-0.2241070860378499,0.19892718513130714
null,100,0.586852824078173,-0.3378302164271964,0.1393757066027266,0.015952736802800124,-0.6121193108589871,-0.06354112199540568,-0.306022967869492,0.11294551926680921,0.007131775483724029,-0.52830096141527,-0.083744974323714
null,101,0.6697764641805917,0.03740319970539952,0.16202772534585178,0.8175945926456772,-0.2814646944293676,0.35627109384016664,0.07533441373455246,0.12057042623244799,0.5325727165769706,-0.16194947851617286,0.3126183059852778
null,102,0.6300095414206094,0.1559063242796603,0.15111352815625798,0.3030443408429744,-0.14148260959328227,0.45329525815260285,0.07551143729363557,0.1169382281400383,0.518949422382766,-0.1546242501466411,0.30564712473391226
null,103,0.6267985741235156,-0.10044966725173912,0.1479412551305459,0.4976770929302111,-0.39159562007208604,0.19069628556860777,0.0090921535248381,0.1152313954287764,0.9371627410395887,-0.217684468829542,0.23586877587921823
null,104,0.652644710251183,-0.09232727697060644,0.14884526514555987,0.5355423183496832,-0.3852523066072756,0.20059775266606272,-0.06440524782033773,0.11300421231335539,0.5691529425028399,-0.28679874991135124,0.15798825427067575
null,105,0.6282107906062752,-0.1667094373241081,0.15271011954228117,0.27586186254885875,-0.4672404367415014,0.13382156209328522,-0.15448750739600184,0.11893318559349976,0.1949741892863529,-0.38854929250569636,0.07957427771369269
null,106,0.687098588666185,0.055214255773327246,0.15953997625424418,0.729524514323785,-0.2587577891338873,0.36918630068054176,0.02326990115076235,0.11618593369690043,0.8413979098808022,-0.2053852627551428,0.2519250650566675
null,107,0.6297702634845223,-0.14596945259157798,0.1370881922335001,0.287838113281534,-0.41575675643067034,0.12381785124751435,-0.16533627401598947,0.1072863245305278,0.12436687417034581,-0.37647691161147157,0.045804363579492635
null,108,0.6358124880919699,0.05239192113801068,0.1492485815404462,0.7258087294427087,-0.2413268285193088,0.34611067079533014,-0.008338272591971823,0.11729417699527636,0.9433752893727385,-0.2391744711978161,0.22249792601387247
null,109,0.6372453616218267,-0.11695871186492729,0.1478866897095707,0.42965264681847815,-0.4079972808357398,0.1740798571058852,-0.13662622725429766,0.11412690977539201,0.2322086989036658,-0.3612292099943923,0.08797675548579698
null,110,0.5683884580017038,0.2751003804566418,0.1497170086225809,0.06713954847799652,-0.01954022598115862,0.5697409868944423,0.25077750035878765,0.12366848421564534,0.043474088629825644,0.007396596762558216,0.4941584039550171
null,111,0.5691122557330032,-0.1049551270551654,0.14208273292323115,0.4606784587813253,-0.384571604688468,0.1746613505781372,-0.09097722618001544,0.11676606310502179,0.4365191269923757,-0.32077409098447063,0.13881963862443972
null,112,0.6213809576820942,-0.24411479514274878,0.14543487545900416,0.09429817019420329,-0.5303282340611645,0.04209864377566688,-0.09520947672433863,0.11444252390654176,0.4061126650335092,-0.32043359146030237,0.13001463801162508
null,113,0.5808047708516192,0.025791784927248828,0.1461661098223048,0.8600565233547739,-0.26186071117133125,0.3134442810258289,0.04149208418043142,0.11891793400739706,0.727402238533263,-0.19253968564420082,0.2755238540050637
null,114,0.6289887058195756,-0.08339405473539506,0.14778196809553856,0.5729727041713522,-0.3742265332950415,0.20743842382425137,0.011681301573074383,0.11459850166246273,0.9188793393992878,-0.21384977905980096,0.2372123822059497
null,115,0.6619470361024765,0.10785632398359538,0.15793283053170334,0.4951864038067627,-0.20295288461878044,0.41866553258597117,0.10877390794802348,0.11855085728545749,0.35961223162669564,-0.12453545094999784,0.3420832668460448
null,116,0.6383423525055859,-0.009067267724110194,0.1571813230577658,0.9540370001073926,-0.31839752199858007,0.30026298655035966,0.07146049297776436,0.12156454149492611,0.557087924516666,-0.16777982877393904,0.31070081472946776
null,117,0.6697425545075275,-0.17344236247568423,0.15261930531135168,0.25668946472133963,-0.4737946409827386,0.12690991603137014,-0.09318060494445678,0.11362987219367751,0.4128553294777483,-0.3168054123917418,0.13044420250282823
null,118,0.6174552650982732,-0.10053822663132209,0.14363692331087655,0.48450831939858374,-0.3832133253428084,0.18213687208016424,-0.10465256156956901,0.1132274260297391,0.35609930777654664,-0.32748535064896195,0.11818022750982393
null,119,0.5843779837641213,-0.10530712556660035,0.15529505213166955,0.4982299236308547,-0.41092522973411727,0.20031097860091654,-0.060180966784561224,0.12552232289954732,0.6319765937791664,-0.3072102447978568,0.18684831122873435
null,120,0.668269280775506,0.061942606170513156,0.1512683416200066,0.6824765657897078,-0.23575099804859306,0.3596362103896194,0.054060419092087725,0.1128303812525387,0.6321999275730216,-0.16799098160645715,0.2761118197906326
null,121,0.6623166402044373,-0.09169990716033703,0.1548613969356312,0.5542061395772233,-0.3964645850463568,0.2130647707256827,-0.0715487384764479,0.116060991213512,0.538054668592795,-0.29995801423471785,0.1568605372818221
null,122,0.6499650861171121,0.03321735724189085,0.14873552028568268,0.8234308831842629,-0.25949169631854535,0.32592641080232704,0.009704373469351641,0.11358894693608217,0.9319740137181778,-0.21383989263195802,0.23324863957066128
null,123,0.6802350451829037,-0.060787648918867114,0.14987134718759032,0.685329392247286,-0.3557319911099363,0.23415669327220207,-0.04835685110729906,0.10998282781087403,0.6604923510309286,-0.2648042360853761,0.168090533870778
null,124,0.6924713485471872,-0.21671355533538866,0.15695411508462748,0.1683956317958338,-0.5255966680618882,0.09216955739111093,-0.1686207901929995,0.1123500682043482,0.13445983935921407,-0.38972692966012323,0.052485349274124266
null,125,0.5455671327202212,-0.14050912222707346,0.13595773585571147,0.30222176160193615,-0.40807170653852165,0.12705346208437474,-0.12286621801880393,0.11281089130751377,0.27698055809950484,-0.3448792622964604,0.09914682625885252
null,126,0.6660554890674671,-0.19983518160774344,0.1528326454480619,0.19203978562737167,-0.500607309989145,0.10093694677365811,6.581385718639561e-05,0.11589714822860547,0.9995472923528895,-0.22802101714915374,0.22815264486352654
null,127,0.6499337724282926,-0.13161679898468748,0.1590092643297249,0.40848780183386957,-0.4445444115677275,0.18131081359835255,-0.007000066882453141,0.12180169186001168,0.9542087708642941,-0.2467071030966873,0.23270696933178103
null,128,0.6516108551004802,-0.15762334767902117,0.15121568354480588,0.29808589385773715,-0.45521332167365436,0.13996662631561205,-0.14469394656767032,0.11506003446427843,0.20954515601679505,-0.3711333287056351,0.08174543557029448
null,129,0.657744990659151,0.11910412498235996,0.1542386531009061,0.44060602683352024,-0.1844350032963914,0.4226432532611113,0.22228391655141255,0.11626528427145782,0.056858406566909894,-0.0065274101364588,0.4510952432392839
null,130,0.6676016173847447,0.07095227014502818,0.15269017628727147,0.6425001691367123,-0.22953948127506363,0.37144402156512,0.05832716984979513,0.11378460436454084,0.6086061922406891,-0.16560215216964602,0.2822564918692363
null,131,0.6251422014483492,0.2944200415509497,0.14509181938146365,0.04332972440682628,0.008881731341413845,0.5799583517604856,0.12724548133712466,0.11322519583129557,0.26199721034197426,-0.09558291868780683,0.35007388136205614
null,132,0.5569670113053392,0.11444399670754957,0.15588948360042507,0.4634453566721184,-0.19234393879744316,0.4212319322125423,0.05920150639455587,0.13062670188805608,0.6507285937989622,-0.1978732442256054,0.3162762570147171
null,133,0.6266229511820572,0.12614343979727025,0.14835750097426917,0.39586175936606793,-0.16582167798603023,0.41810855758057075,0.012212827394912706,0.11719975856754448,0.9170770571197795,-0.21843755473227686,0.24286320952210225
null,134,0.6500806126309614,-0.15166164175600985,0.15164210391272093,0.31806229487417753,-0.4500908040095847,0.14676752049756495,-0.21756928731972883,0.11574337732025142,0.06112346818094885,-0.44535349552884307,0.010214920889385415
null,135,0.6707014954241985,-0.005149319721740525,0.15191616804676614,0.9729830126247918,-0.3041178356760127,0.2938191962325316,-0.09247153698714769,0.11324995805939674,0.41485599468247003,-0.3153486693426203,0.13040559536832494
null,136,0.6220092721816464,0.301693456271669,0.1592503767108277,0.05913527802046809,-0.01170866150514549,0.6150955740484835,0.18712038044389534,0.12599693618484337,0.13857662115198205,-0.06084294160630058,0.43508370249409123
null,137,0.7136752630753517,0.10495732062700598,0.15399803699044468,0.4960548080267332,-0.19810827911041728,0.4080229203644292,-0.0035723375534072715,0.10903516260841765,0.9738855298324322,-0.2181547072469244,0.21101003214010985
null,138,0.6813135317490444,0.018111160551384457,0.15227484159394908,0.9054054251583233,-0.28156321903473186,0.31778554013750077,0.10839362253120446,0.11283913068746072,0.33753576972262256,-0.11367499714912693,0.33046224221153586
null,139,0.648351179019763,-0.18437960880514062,0.15427122898892534,0.232975944289839,-0.4879828458948383,0.1192236282845571,-0.17014770198158394,0.11730434716164204,0.1479833205321568,-0.40100391558393683,0.06070851162076896
null,140,0.6493680450886375,-0.17871609940609737,0.15343155110001516,0.24503723688518225,-0.48066686424379745,0.12323466543160269,-0.029694785842861754,0.1157907188174136,0.7977798256290471,-0.2575721626262495,0.19818259094052595
null,141,0.6468925943762237,0.07840534743354087,0.15624896841324973,0.6161817229711155,-0.22909004826071366,0.38590074312779543,-0.01976851289972567,0.11944764576436427,0.8686639029661088,-0.2548427611445787,0.21530573534512737
null,142,0.6431354673982868,0.201628503419364,0.14782267546178213,0.17360381046704404,-0.08928408656641124,0.49254109340513924,-0.025952713455627708,0.11391408361957144,0.8199379631038727,-0.25013685203796426,0.19823142512670883
null,143,0.6703839757652188,-0.046188851445595015,0.15066985966168256,0.7593956358435455,-0.34270465303048486,0.2503269501392948,0.022855252766908838,0.11219792154910395,0.8387241814800824,-0.19795146045053338,0.24366196598435105
null,144,0.6256547792777221,0.1557868374381545,0.14396123808686354,0.2800662210978287,-0.1275265074095102,0.43910018228581915,0.03813368294856619,0.11241089029501893,0.7346734241830686,-0.18309215504546955,0.25935952094260195
null,145,0.6523616853219771,0.12042135381281734,0.15260310988801637,0.4306744610536851,-0.1798990523679267,0.42074175999356134,0.14722292909222293,0.11593814527993394,0.20513888573132422,-0.08094458455092954,0.37539044273537536
null,146,0.6577764797805251,-0.46004908153114,0.15152857656718832,0.0026094018695006957,-0.758254823839027,-0.16184333922325306,-0.3161364293212021,0.11405072141685973,0.0059262572380350135,-0.5405894725543908,-0.09168338608801341
null,147,0.5642557045368906,-0.24503528477908643,0.1572797748905819,0.12030811823872586,-0.5545592906385814,0.06448872108040854,-0.0702227298860628,0.13203914135904676,0.5952408076908471,-0.3300771765371487,0.18963171676502305
null,148,0.6665054388169711,-0.1008297998266709,0.14999429758383617,0.5019635702047414,-0.39601610637199036,0.19435650671864857,-0.11554812569957983,0.11219708583435481,0.30391301728786374,-0.33635319422143056,0.10525694282227092
null,149,0.6057048783498757,0.09194299029687059,0.14932051784003106,0.538536048299032,-0.20191732881290841,0.3858033094066496,-0.0626770842336827,0.11994384036182752,0.6016758234492627,-0.29872784876929576,0.17337368030193034
null,150,0.6635647411502803,0.4107441526025753,0.14448001482451012,0.0047802350405165535,0.1264098636818739,0.6950784415232767,0.18207176860743507,0.10983775066091604,0.09844895966541946,-0.03409010298320231,0.39823364019807245
null,151,0.6252119556826353,-0.02163548096765752,0.14932906652793873,0.8849002619570143,-0.31551262375440237,0.2722416618190874,0.054151859796948344,0.11682545876260636,0.6433266738001158,-0.17576189629880315,0.28406561589269985
null,152,0.6503122198748023,-0.24238087476952624,0.1531188756793722,0.11449509596989348,-0.5437162995306111,0.058954549991558525,-0.07335927553277817,0.1195931971575921,0.5400784817066129,-0.30871997048091343,0.16200141941535706
null,153,0.6407594305951051,-0.07158302814069578,0.1572929098103581,0.6493742487845641,-0.3811328833059175,0.23796682702452593,0.030628286772937545,0.12088961201177781,0.800167863483454,-0.20728376651559025,0.2685403400614653
null,154,0.6685607883877025,-0.11028409831914722,0.14912384935405593,0.46015902478447823,-0.4037573770885665,0.1831891804502721,-0.09409828279603757,0.11266958813700877,0.40429547023184387,-0.31583324091830334,0.1276366753262282
null,155,0.6639842907307733,0.13188678948477314,0.16028080490442737,0.41125443027995434,-0.1835431940011283,0.4473167729706746,-0.02321183687859449,0.11992406313826202,0.8466575137249709,-0.2592236796260695,0.2128000058688805
null,156,0.6283099458515491,-0.02617463279709238,0.14491288863567223,0.8567865152164819,-0.3113608102467275,0.2590115446525428,0.01642477785076232,0.11378437752908889,0.8853223082466399,-0.207504097754076,0.24035365345560064
null,157,0.6321004595978843,-0.2468966714929299,0.14869279713130173,0.09787967256662806,-0.5395216465893923,0.0457283036035325,-0.10472042843811023,0.11728795844410277,0.3726633732744966,-0.33554438886853505,0.1261035319923146
null,158,0.6568572429111331,-0.15235480334725304,0.1445430505030654,0.29271928335580455,-0.43681314544486216,0.13210353875035608,-0.05983899591157039,0.10826163491034986,0.580868357362547,-0.2728990547972331,0.15322106297409233
null,159,0.636443263704004,-0.06450998286902283,0.1575642432647174,0.682526435007695,-0.37459381780230694,0.2455738520642613,-0.09143254483561875,0.12199497055726781,0.4541643866110372,-0.33151995559945985,0.14865486592822236
null,160,0.6357201907696718,0.006070584053584327,0.14857452734914522,0.967435877318406,-0.28632163806004424,0.29846280616721294,0.04008345695156554,0.11518896999550778,0.7281025443352358,-0.18660967169502096,0.26677658559815204
null,161,0.668035229542669,-0.1139825970160726,0.15365252405638843,0.45878228733469406,-0.41636823299146886,0.18840303895932364,-0.19474711364373884,0.11474571024686711,0.09070883800668117,-0.42056790234990943,0.03107367506243175
null,162,0.684961174770188,-0.15493102513105714,0.1484905963447672,0.2976242491844848,-0.4471580724108015,0.13729602214868722,0.055932095300975475,0.10945347423435489,0.6097232237385259,-0.15947351615984498,0.2713377067617959
null,163,0.6580437985097316,-0.10824683525936334,0.1542957331184349,0.4835065132527182,-0.41189829607223954,0.19540462555351285,-0.09153989769196909,0.11641645742426056,0.43231255186674933,-0.32064873476627376,0.13756893938233555
null,164,0.6121016096069838,0.3578019178644222,0.1500793988416625,0.017749574744683316,0.06244813344571182,0.6531557022831327,0.17204463937466632,0.11952332692553602,0.15108735109667665,-0.06317855020724616,0.4072678289565788
null,165,0.570300400834748,0.06205909763823481,0.15130291607433313,0.6819809312227488,-0.23570254853738493,0.35982074381385454,0.10926180807862441,0.12504085795218317,0.38293072678852147,-0.13681994175331924,0.3553435579105681
null,166,0.6350060483361821,0.15596550943444631,0.15362355002339825,0.31081548917565155,-0.1463631061213616,0.45829412499025424,0.10078067611776746,0.11911048817963439,0.39817439410898803,-0.13363004238346238,0.3351913946189973
null,167,0.6690844379186731,-0.21595142755645538,0.14794706931964485,0.1454422683835288,-0.5071088226051624,0.07520596749225164,-0.1512926656054524,0.11002924847369631,0.17016441067932675,-0.3678314069459437,0.06524607573503888
null,168,0.6320668464490332,0.21734751882875167,0.15217440937046334,0.1542622929536427,-0.08212921179612784,0.5168242494536311,0.265068557500208,0.1180087165853873,0.025429956195969373,0.03282613731576628,0.49731097768464977
null,169,0.6305714682407542,-0.022637175550798458,0.15365709125149693,0.8829772845994672,-0.32503179969092544,0.2797574485893285,0.0944418800348008,0.11885029054248611,0.4274660304413139,-0.13945676672523805,0.32834052679483966
null,170,0.6143372384516859,0.0704758635196185,0.14171270527594793,0.6193348497473298,-0.20841240579989712,0.3493641328391341,0.133479639753876,0.11340498877799447,0.24013417049349223,-0.08970259471889674,0.35666187422664875
null,171,0.614357021748911,-0.1426609527763629,0.14161218749824334,0.3145597914369314,-0.4213514047653485,0.13602949921262267,-0.05239366330090506,0.11282386515883279,0.6427136064490562,-0.274432240257135,0.16964491365532486
null,172,0.6595095726108967,0.24831493626785284,0.15205352416776993,0.10351269274099982,-0.050923894269664316,0.54755376680537,0.18110258981671012,0.1142520112676675,0.1140079120672588,-0.04374659400221517,0.4059517736356354
null,173,0.6052857461920734,-0.15662389242342817,0.1499050766695634,0.29695558230402963,-0.4516346136793398,0.1383868288324835,-0.17604227983222898,0.11931865868884009,0.14116898701069905,-0.41086268012873517,0.05877812046427719
null,174,0.6291355047650655,0.019428774295950395,0.14396268985465882,0.8927372785710376,-0.26388742760681805,0.3027449761987189,0.08706395847139979,0.11279745020345097,0.44081251067010696,-0.13492263356927092,0.30905055051207053
null,175,0.625728199608483,0.034972510624152416,0.1472188387170694,0.8123903639722273,-0.2547517385960116,0.3246967598443164,-0.018365170315992958,0.11606496620437301,0.8743820284972883,-0.24678226889891933,0.2100519282669334
null,176,0.6389696199949416,0.16282239513757937,0.16296049104230304,0.31853412340900117,-0.15788116652083958,0.4835259567959983,0.12003283033065025,0.12557161360732774,0.33990710886416664,-0.12709345232432573,0.3671591129856262
null,177,0.60431630052357,-0.32893928921519,0.15616420701713027,0.036011203590689864,-0.6362678758782936,-0.021610702552086414,-0.2439130997136776,0.1238235320074713,0.04978828991074728,-0.48759913902750346,-0.00022706039985176396
null,178,0.6104153889255887,0.0425764801478413,0.15193687387406582,0.7795001213611572,-0.2564327845334359,0.3415857448291185,0.04547526540165688,0.12002385748570102,0.7050447290769084,-0.19073297369212688,0.28168350449544066
null,179,0.6350330368319277,0.046959277737192794,0.16062466816507948,0.7702200355401031,-0.2691474229806541,0.36306597845503963,0.04846520361333882,0.1238040263224273,0.6957336566698248,-0.19518244830307224,0.29211285552974986
null,180,0.6048396949574023,-0.02097526734053331,0.13926678033318057,0.8803839251101319,-0.2950499966683768,0.2530994619873102,0.08204947561031371,0.11194984732519517,0.4641916187969538,-0.13826902487324738,0.30236797609387484
null,181,0.7209250002232627,-0.16532603715624636,0.16537302001342347,0.31826181517783103,-0.49077741608432235,0.16012534177182966,-0.0784239454556944,0.11485598154390142,0.49526571805258357,-0.30446174925736935,0.14761385834598056
null,182,0.6427620082156768,-0.07669518695360726,0.15454519300784716,0.62007536095062,-0.3808375807190889,0.22744720681187436,-0.20664550475047316,0.11940959778588058,0.0845724162323266,-0.4416448741655087,0.028353864664562384
null,183,0.6381430144690863,-0.14771729256268976,0.15007727584516775,0.32578151551669576,-0.4430668989592741,0.14763231383389455,-0.024523066637744888,0.11524187493971336,0.8316321755027701,-0.2513203127820684,0.20227417950657864
null,184,0.6225552987501428,-0.09521102381061217,0.13924332721115834,0.4946507534170892,-0.36923959778069726,0.1788175501594729,-0.13513046335509354,0.1095339662857288,0.21829882105599654,-0.3506944840365004,0.08043355732631327
null,185,0.6570564737571619,0.024038054279234704,0.16687661695259914,0.8855611499961236,-0.3043723786539447,0.3524484872124141,0.18667443088328986,0.12657463694259397,0.14132455284011547,-0.06242581245547296,0.4357746742220527
null,186,0.694512330376028,0.051951463308137415,0.15608771983460604,0.739493617102185,-0.255226597839856,0.3591295244561309,-0.0999706709283984,0.11252473743107554,0.3750293550387719,-0.3214205613074944,0.12147921945069759
null,187,0.6429700547344099,0.13652991288531707,0.15733637250441043,0.38622735714772194,-0.17310547614576804,0.4461653019164022,0.09206373300165563,0.12098976596239756,0.4473096016624446,-0.14604542433609835,0.3301728903394096
null,188,0.6575901381878586,0.03274311130751241,0.14800252127335822,0.825062672527142,-0.25852341227255243,0.3240096348875772,0.0841233873327532,0.11169407613017496,0.45195304160431515,-0.1356917526952099,0.30393852736071625
null,189,0.6714634488705945,-0.16467906627284934,0.15924553212808976,0.3019211373306652,-0.4780716499906482,0.14871351744494954,-0.10817348167918596,0.1181771475741615,0.36075286990543787,-0.3407473758563872,0.12440041249801527
null,190,0.649841587166334,-0.1791480910269716,0.1458037486016458,0.22015949221246944,-0.46608746621305963,0.10779128415911643,-0.045965436808195766,0.11371067464103062,0.6863344050857281,-0.269749264338684,0.17781839072229247
null,191,0.6476945784041483,0.004534270729734993,0.16168117789422282,0.977645479431962,-0.3136516237294653,0.3227201651889353,-0.05567600793232892,0.12335863869339253,0.6520789795185165,-0.2984471322168815,0.18709511635222364
null,192,0.6485320083368962,-0.08112324604805794,0.15142056266540174,0.592533773212295,-0.3791164187767173,0.21686992668060145,-0.03280039780299733,0.11557040189534701,0.7767520067276632,-0.2602441885202972,0.19464339291430255
null,193,0.6466660917858945,-0.308714781692322,0.1512048519134674,0.04206475772121329,-0.6062834392149281,-0.011146124169715887,-0.18628340516975858,0.11561686587797675,0.10819905913958615,-0.4138186375033185,0.0412518271638013
null,194,0.6433010299877692,0.13815538158054996,0.14818440473247593,0.35192810857793655,-0.15346908565059691,0.42977984881169684,0.1939082063620834,0.11320480644144539,0.08777857929790689,-0.028880067124894743,0.41669647984906155
null,195,0.6387425030160201,0.15479280417409028,0.15658042964902544,0.32367173004262517,-0.15335490177147157,0.4629405101196521,0.15506622331659897,0.12067986086770403,0.19981827201815425,-0.08243303747027578,0.3925654841034737
null,196,0.6783128226017855,-0.05377805243404529,0.1526965175768323,0.7249462063050799,-0.35428228340752255,0.24672617853943193,0.09447763990437001,0.11223282395915568,0.4005792579031794,-0.12639776163047134,0.3153530414392114
null,197,0.6121033573924127,0.031318845877817775,0.14617007840171609,0.8304889657390429,-0.2563414603196629,0.31897915207529837,-0.11716350612424087,0.11720882371927688,0.31831411721904124,-0.3478317285672866,0.1135047163188049
null,198,0.6583747308532354,0.019852654583376452,0.15022811067568134,0.8949550782375744,-0.2757937922747115,0.31549910144146437,0.039861719658510916,0.11348643850531301,0.725653272422927,-0.18348080875138073,0.26320424806840254
null,199,0.6855884638635062,0.09614948904021427,0.15742658130366755,0.54182714059925,-0.21366342942165284,0.40596240750208135,0.11906488897420538,0.11546277988551835,0.30329021024818126,-0.1081671004732312,0.346296878421642
null,200,0.6253868043632502,-0.3261709113464996,0.14261321194147616,0.022893144983625276,-0.606831362948266,-0.04551045974473322,-0.3220457139015102,0.11112424177699597,0.004035192551761854,-0.5407394138094905,-0.10335201399352986
null,201,0.6745178782411821,-0.07701119360370243,0.16017565813139512,0.6310182325910565,-0.39223424997253,0.23821186276512515,-0.06671922378540715,0.11868141852808922,0.5744251361302051,-0.30028552860952995,0.16684708103871565
null,202,0.6424211071415834,-0.03218754623583705,0.14997162803057962,0.8302075841236899,-0.3273292394738199,0.26295414700214587,-0.03927487883566029,0.11554537735122651,0.73416635656203,-0.26666942098167895,0.1881196633103584
null,203,0.619266873708748,0.10035838584972483,0.16150455928413784,0.5348153451275452,-0.21747992609455347,0.41819669779400315,0.09125230866176494,0.1269004867295184,0.47265549603458556,-0.158489210553235,0.3409938278767649
null,204,0.5534826452279705,-0.047920529858021546,0.15178911677804713,0.7524484280894931,-0.3466390110085766,0.2507979512925335,0.016012746253095213,0.12644229340469024,0.8993107276774376,-0.23282704358335116,0.26485253608954157
null,205,0.6460939276926324,0.17678601665505958,0.14586260918616922,0.22647429181479933,-0.11026919519166459,0.4638412285017838,0.17355231854668254,0.1116733831906957,0.12122755815420036,-0.04622209755440079,0.3933267346477659
null,206,0.6769670208505953,0.3227565432327346,0.14968522874373208,0.03186799964951762,0.02817847907294707,0.6173346073925221,0.17596871070607156,0.11135117422288018,0.11510521686216162,-0.043171594689838055,0.3951090161019812
null,207,0.627584947262799,0.269905970731704,0.14640089170543955,0.066236279201546,-0.018208572244941934,0.55802051370835,0.21234640114300285,0.11450193555783417,0.0646588670917123,-0.012994636360045747,0.4376874386460514
null,208,0.6604682781328817,-0.20621941301880276,0.15586297560193443,0.1868259989667841,-0.5129551812194753,0.10051635518186974,-0.09801449089315595,0.1171704809214295,0.40354183831495705,-0.3286072542987138,0.1325782725124019
null,209,0.6594812103091001,-0.22546264112520392,0.15959499411351466,0.15878584754855896,-0.5395429602730641,0.08861767802265635,-0.14567733431593943,0.12018898586351563,0.2264526020400613,-0.3822105478286853,0.09085587919680643
null,210,0.639882555341248,-0.0063318717864469,0.15147831054888514,0.9666858090569898,-0.30443869139842694,0.29177494782553315,-0.05386892857763902,0.11670354488125152,0.6447160007500339,-0.28354275684704694,0.17580489969176888
null,211,0.6645417763482399,0.30849139410601417,0.15367975751579352,0.045616503908041756,0.0060521631311696855,0.6109306250808586,0.2406866858580098,0.11473339421621452,0.03677134552136237,0.014890135232284357,0.46648323648373524
null,212,0.7113201232226599,-0.20297947164595112,0.15919595332975947,0.20329546044614574,-0.5162744851054281,0.11031554181352585,-0.12893784741976685,0.11244014574575921,0.25242168389779596,-0.3502212604546988,0.09234556561516508
null,213,0.6526738717779338,0.06449577581883317,0.16180045418076822,0.6904647514258303,-0.2539248524072565,0.3829164040449229,-0.17784890483341106,0.12428516834321532,0.1534924066559891,-0.422443449408208,0.06674563974138584
null,214,0.6566264000447357,-0.20222431471299815,0.1573151924339884,0.19962874027338814,-0.5118180217144264,0.1073693922884301,-0.023153203945913678,0.12068780340629044,0.847996117508698,-0.26066809573393046,0.21436168784210308
null,215,0.6220848357292205,0.03533074980963862,0.1384963298810814,0.7988205513254811,-0.23722774572135524,0.3078892453406325,-0.029847613736773537,0.10877945981849418,0.7839790229729803,-0.24392675759665683,0.18423153012310978
null,216,0.6340890766787303,-0.37804593127363534,0.15555763562224292,0.015680098843113322,-0.6841807954246364,-0.07191106712263434,-0.22287778312174214,0.12128842656980335,0.06712579519039652,-0.4615747077387673,0.015819141495283018
null,217,0.7103349877867264,-0.4321141309807504,0.15805200142888154,0.006632642069484598,-0.7431578659454772,-0.12107039601602365,-0.21754639173227378,0.11123412846442213,0.05143484816144867,-0.43645634981992376,0.0013635663553761834
null,218,0.6320304330772866,0.17811964100669578,0.14992370053986875,0.23575557844970282,-0.11692773171915552,0.4731670137325471,0.03157530463567951,0.11725143943195257,0.7878897868649095,-0.19917678598707422,0.26232739525843324
null,219,0.6697830249359996,0.09785911063246319,0.15082933483332484,0.5169645643772421,-0.19897053546292512,0.39468875672785153,0.19258695069872497,0.11310362570750943,0.08966503831604877,-0.030002198018445808,0.4151760994158957
null,220,0.5298437345411917,-0.1301251796582389,0.14598344640392355,0.3734525682539832,-0.41741819715875583,0.15716783784227806,-0.07927899661412353,0.12342464242031782,0.5211579714955688,-0.32218001694132337,0.16362202371307633
null,221,0.6168649610460856,-0.43341446551529367,0.15577885740893105,0.00574407814536793,-0.7399846904979511,-0.1268442405326362,-0.22763510481365096,0.12514699656502007,0.069930650034861,-0.4739257365742649,0.018655526946962986
null,222,0.634282862551921,-0.12063258983204822,0.15273326076733143,0.43025994088746755,-0.42120913079909744,0.179943951135001,-0.11574688227288979,0.11820023649355069,0.3282590549357015,-0.34836621569113646,0.11687245114535688
null,223,0.6388417557967552,-0.024102036859502195,0.14153244124455447,0.8648953674553311,-0.30263554953501764,0.2544314758160133,-0.024023323243564165,0.10894179294024185,0.8256219406591746,-0.23842194042848353,0.19037529394135522
null,224,0.6341098819771158,0.1060527376521388,0.15198600500586382,0.48586092815089443,-0.19305321628709993,0.4051586915913775,0.052245840741245296,0.11774302713267794,0.6575636594907937,-0.17947369975006755,0.28396538123255816
null,225,0.6080112433847242,-0.04369182638901315,0.14683587426677153,0.7662504436962038,-0.33266240788018625,0.24527875510215996,0.013260054911832833,0.11716863415074166,0.9099719494709243,-0.21732907402920004,0.2438491838528657
null,226,0.6414032344432297,0.13183520651233296,0.1537105276367816,0.3917580314514867,-0.17066457955368988,0.43433499257835584,0.14006227103819158,0.11816488543991953,0.23684477841781568,-0.09248749112727878,0.37261203320366193
null,227,0.6871062997190576,-0.18953325445762143,0.1470768884394632,0.19851649547803574,-0.47897814787003384,0.099911638954791,-0.06258491831133456,0.10754230278376735,0.5610390915244886,-0.2742293238552116,0.14905948723254248
null,228,0.6466624407617881,0.27052103957677925,0.15084502590752652,0.07393096962171433,-0.026339486294133463,0.5673815654476919,0.25829481450916786,0.1148984260377234,0.025310348193791184,0.0321734794883258,0.4844161495300099
null,229,0.5881170876122982,0.24399222020123446,0.14608886121044423,0.09594060475001236,-0.043508251901845874,0.5314926923043148,0.2833963104272881,0.11882407208065075,0.01770807444254216,0.049549261881401074,0.5172433589731751
null,230,0.6442861797595344,-0.06772664673914058,0.1395127565800253,0.62771417020262,-0.34228545326840826,0.2068321597901271,-0.1301064694423818,0.10629032979979987,0.2219004062732319,-0.3392869787232081,0.07907403983844452
null,231,0.643846174815797,-0.04224727676333942,0.14677701424514927,0.7736752771667721,-0.3311020227016567,0.24660746917497786,-0.11699522506728337,0.11277500002438613,0.3003861251403044,-0.33893763491471907,0.10494718478015234
null,232,0.622703607248423,-0.05310442623178139,0.15053082346520638,0.7245028024040943,-0.3493466068725752,0.2431377544090124,0.09801447386174408,0.11880376741892795,0.41002942983569446,-0.1357926148920532,0.33182156261554135
null,233,0.5982658437692363,0.11379992196869608,0.14624121585626318,0.43709071431860014,-0.17400038156737035,0.40160022550476254,0.04743213988549156,0.11804355717879224,0.6881072337110812,-0.1848788469605253,0.2797431267315084
null,234,0.5757734796344776,0.20961933519170606,0.1365486302229629,0.1258174828107475,-0.05910611949973038,0.4783447898831425,0.20296456489268458,0.11211209953650493,0.07125209983083641,-0.017673249683302833,0.42360237946867196
null,235,0.6805344231097493,0.08099215917385727,0.14869637857997078,0.5863813569995828,-0.2116398641545828,0.37362418250229734,0.01738874247895362,0.10906602533958448,0.8734363379039543,-0.19725436540058133,0.23203185035848856
null,236,0.6674337198793097,-0.04072054655829503,0.1587715898612245,0.7977635763961795,-0.3531804197029238,0.2717393265863337,-0.05481309570634279,0.11848258329115392,0.6439725367265097,-0.287988090651162,0.17836189923847642
null,237,0.610905156853054,-0.14391106995955288,0.14927230696125793,0.33578803271607294,-0.4376765108541624,0.14985437093505666,-0.08803315486453435,0.11813766096498783,0.4567575955335733,-0.3205293389712872,0.1444630292422185
null,238,0.6185172789046366,-0.1721268023731951,0.15043944806882492,0.2534785648777434,-0.4681891577392855,0.12393555299289527,0.02858909867504882,0.11639885162457715,0.806151852681341,-0.2004850899966118,0.25766328734670946
null,239,0.6669263721115175,-0.03850260286580758,0.1518472629394081,0.800009863490774,-0.3373355147039849,0.2603303089723697,-0.019816968549583345,0.11339129084157812,0.8613828025109413,-0.2429722453365434,0.20333830823737672
null,240,0.6675416133893767,0.1869792347740988,0.15651456212607795,0.23317917279557432,-0.1210388449714451,0.4949973145196427,0.15505843940452838,0.1161542450194307,0.1829232314682321,-0.07353436084417445,0.3836512396532312
null,241,0.5748522521093715,0.12176988465901993,0.14046878442454963,0.3867063810652227,-0.1546703689180723,0.3982101382361122,0.14238874925462958,0.11504170217146778,0.21680291998670287,-0.08401455473442329,0.36879205324368247
null,242,0.6543392736297822,0.09316756603219074,0.14641852779541858,0.5250644869405998,-0.19498168447898606,0.3813168165433675,0.04084627438982618,0.11166978922961948,0.71479252212614,-0.17892106875730476,0.2606136175369571
null,243,0.5941355654493023,0.12194403440946353,0.14518750905855918,0.40163601499080026,-0.16378259150814486,0.4076706603270719,0.08074190259289878,0.11722591844469316,0.49150640490917785,-0.14995996245315074,0.3114437676389483
null,244,0.6395496630897883,-0.2127540611996221,0.13703883136642941,0.1216053238048998,-0.48244422366552103,0.05693610126627685,-0.029058130259238694,0.1059581494590181,0.7840902649143366,-0.2375849050659253,0.1794686445474479
null,245,0.6529437049993773,-0.08933884517257913,0.14778299565600636,0.5459547088223304,-0.3801733459542975,0.2014956556091393,-0.033473280553681845,0.11237683890630931,0.7660141204903391,-0.2546321050494491,0.18768554394208542
null,246,0.6224461304979751,-0.26700185851523695,0.15222726895606312,0.08046727762500182,-0.566582615933735,0.032578898903261155,-0.09026770013961236,0.12112155906473512,0.45670268150678384,-0.32863622771658374,0.14810082743735903
null,247,0.633863190851948,-0.023298358143006164,0.1610382845127876,0.8850648970786236,-0.34021904901896877,0.2936223327329564,0.1131987340027727,0.12469095161110778,0.3647042280653918,-0.13219439639629685,0.3585918644018422
null,248,0.6607518984732661,0.0771546730875546,0.15842141897100173,0.6266021690695538,-0.23461606951404956,0.3889254156891587,-0.13460124460546402,0.11951805053735146,0.26099304855572825,-0.36981405019882657,0.10061156098789853
null,249,0.6904519325299533,-0.0672292086553382,0.15218023575875717,0.6589745347622119,-0.3667174055163924,0.232258988205716,-0.014361648076561895,0.10994749324193445,0.8961624437023241,-0.23073949424391252,0.20201619809078872
null,250,0.7043675483383377,0.14720621873349554,0.15756580019595925,0.35093267437640563,-0.16288068021482272,0.4572931176818138,0.10297318470557833,0.1121523466718221,0.3592855032029122,-0.11774383666446643,0.3236902060756231
null,251,0.6816765961569217,0.14381701972311503,0.1498312073629437,0.3379063087901748,-0.15104832795433812,0.4386823674005682,0.05228872462677113,0.10957840176541009,0.6335854077568346,-0.1633627455553323,0.26794019480887454
null,252,0.6135607086241127,0.1060791491380243,0.15177989538784142,0.4851607151519456,-0.19262118446852483,0.4047794827445734,0.12536444577614367,0.1198984386284909,0.2966040882756373,-0.11059696766121352,0.36132585921350086
null,253,0.652624279858029,-0.2815046397330975,0.15030282225208824,0.06206210937356937,-0.577298117742709,0.014288838276514115,-0.23260139690076626,0.11358789324827763,0.04146523493492685,-0.4561435893331731,-0.009059204468359422
null,254,0.6890961117372209,0.22879303579908106,0.14228513860836775,0.10889992366126988,-0.05122177288801277,0.5088078444861749,0.07254963733239715,0.10423127832790896,0.4869469442946035,-0.13257863656317037,0.2776779112279647
null,255,0.614920263870334,0.03589411788567782,0.15162255537602612,0.8130268421780913,-0.2624965731697364,0.334284808941092,-0.0075327678970290345,0.12002846672184297,0.9500014262577415,-0.24375007801698598,0.22868454222292792
null,256,0.6114641265519732,0.049655577481932056,0.15361888022228556,0.7467418905581411,-0.2526638479822193,0.3519750029460834,0.0703487753096594,0.12245852421968288,0.5660859683365651,-0.17065091403460964,0.31134846465392846
null,257,0.5834635919823595,-0.14371460046681434,0.15516478157142288,0.3550907686265269,-0.4490763343179243,0.16164713338429565,-0.0570149984957079,0.12615240244824946,0.651633604570851,-0.3052842798200591,0.1912542828286433
null,258,0.6935776341640222,-0.0435474327313203,0.1566873548295121,0.7812628182866945,-0.3519055656705277,0.26481070020788716,-0.03655934365934868,0.11302873113998128,0.746581523024499,-0.2590010990641889,0.1858824117454915
null,259,0.6603953049125979,0.08955974414711139,0.14982335556796927,0.5504496488385099,-0.20529015132718748,0.3844096396214102,0.3092889211595673,0.1142243024475036,0.007168368420415246,0.08449426859597228,0.5340835737231623
null,260,0.6323990627706316,-0.335201937356503,0.1536462235535083,0.029919353769127677,-0.6375751740460296,-0.03282870066697641,-0.10962139860057872,0.1199569260828915,0.3615448575219691,-0.3456979159756234,0.12645511877446597
null,261,0.6220061410458936,-0.07690735685214883,0.152775475728267,0.6150553765653877,-0.37756697616684365,0.22375226246254598,0.059396428913449116,0.12033832210736589,0.6219697880606139,-0.17743067992920605,0.29622353775610427
null,262,0.6236596717455116,-0.0051874830514760896,0.15399445591518288,0.9731500369240962,-0.30824603529178096,0.2978710691888288,-0.015336253944641512,0.11973594847803093,0.8981695091919608,-0.2509778850227723,0.22030537713348924
null,263,0.6658518206731325,0.02063737510766888,0.1461637484062809,0.8878127783633337,-0.26701047376307957,0.30828522397841734,0.14789717304444872,0.11031453273106999,0.1810503485335469,-0.06920301077495508,0.3649973568638525
null,264,0.6919978903769398,-0.03430568298888746,0.14430752264467442,0.8122573527147671,-0.3183005101414161,0.24968914416364113,-0.07556026392725078,0.10536639228564111,0.47386603567546537,-0.28292245426862683,0.1318019264141253
null,265,0.6546085024213182,-0.03618667517965208,0.15325196470412092,0.8134981504190932,-0.33778401694885063,0.2654106665895465,-0.07162709802257138,0.11605575114555439,0.5375915438040548,-0.30002606127088766,0.15677186522574493
null,266,0.6744805997839233,-0.0690983485138038,0.15776746302250982,0.6617221035840929,-0.37958211658245433,0.24138541955484671,0.07284278474686906,0.11749694819238715,0.5357645688584695,-0.1583924697501274,0.30407803924386556
null,267,0.601478009806658,0.15805198867669432,0.1463065450960971,0.2808940985520091,-0.1298768817270907,0.44598085908047935,0.10413923878856195,0.11721666215956843,0.3750288609119167,-0.12654440978906484,0.33482288736618876
null,268,0.6549303074480162,0.14186761695344652,0.15612632089636283,0.364260036075455,-0.16538641044814634,0.4491216443550394,0.000499029547356538,0.11745022074452582,0.9966127724600422,-0.2306442648309778,0.23164232392569087
null,269,0.6408651592177879,0.032952287230025336,0.15426736637409036,0.8310016270758037,-0.27064334829731224,0.33654792275736295,-0.02322273627523579,0.11845658142348936,0.8447100207588631,-0.25634655926555483,0.20990108671508323
null,270,0.5703055067708316,-0.14456951863809753,0.1437299012261929,0.31531052507538515,-0.4274275963551502,0.13828855907895515,-0.10380921820231083,0.11826952883504864,0.3807998125522166,-0.3365649196919625,0.12894648328734087
null,271,0.695186094994449,-0.036875330716597356,0.1491496324388149,0.8048955126190604,-0.33039935017205574,0.256648688738861,-0.09276321363397852,0.10820300928551786,0.39196873225401097,-0.3057078966610626,0.1201814693931055
null,272,0.6411340833293929,0.21074377145454726,0.1413707798597988,0.13709717732542773,-0.06747159427907956,0.4889591371881741,0.08330993730251636,0.1097350334080244,0.4483419813962315,-0.13264978563252577,0.2992696602375585
null,273,0.6353049560503924,0.10369255409238115,0.146148994184571,0.4785715363242429,-0.18392625871311252,0.3913113668978748,0.05531506304090802,0.11351230212736389,0.6264032011514598,-0.16807836525463304,0.2787084913364491
null,274,0.6569493351814273,-0.07705071433880052,0.1481782279586912,0.6034601671463315,-0.36866302578089905,0.21456159710329803,-0.12640300858177336,0.11193798022430577,0.25971782946189925,-0.34669815448347924,0.09389213731993251
null,275,0.6444159223700047,0.0006864283500241301,0.14749938902323215,0.996289965808531,-0.2895899392507073,0.2909627959507556,-0.06352471728997754,0.11318847538288536,0.5750656886774764,-0.2862808510785173,0.1592314164985622
null,276,0.6482101637174433,-0.06433791649374782,0.15247714882737978,0.6733658968137295,-0.36441043338232015,0.23573460039482452,-0.13301844822914635,0.11542988913623506,0.25009708472536185,-0.36018570832915625,0.09414881187086355
null,277,0.6388499448869538,-0.2614967731211453,0.14596573543642744,0.07423203207945855,-0.5487549357294114,0.02576138948712081,-0.20131290711875924,0.1128666391391356,0.07550740365716373,-0.4234356637270851,0.0208098494895666
null,278,0.6426302694153087,0.0417314198609457,0.1486556894851701,0.779116519468072,-0.2508205279992642,0.3342833677211556,0.16233114387517947,0.11590408398970266,0.16239173990002267,-0.06576933678340366,0.39043162453376257
null,279,0.675671313684797,0.20867097901759193,0.15600494741200605,0.1820528283109456,-0.09834418736636927,0.5156861454015531,0.13431200761462828,0.11439904130344884,0.24131239541994712,-0.09082653289198678,0.35945054812124333
null,280,0.6157580273730197,-0.09309388543715377,0.1479380331447617,0.5296519685693747,-0.3842334974425583,0.19804572656825079,-0.10766051363697733,0.11682260200063913,0.3575020447511177,-0.33756864759453126,0.12224762032057658
null,281,0.6439144951475099,0.0469382552572258,0.1522415602002168,0.7580592900631995,-0.2526706270943239,0.3465471376087755,0.09072068739774913,0.11638002630732444,0.4362956167182238,-0.13831645284760863,0.3197578276431069
null,282,0.6546491748518647,-0.23018957938598317,0.15316062585964843,0.13391982121130688,-0.531607167814033,0.07122800904206666,-0.05297932712190549,0.11711246089602838,0.6513266571381701,-0.2834579064950612,0.17749925225125024
null,283,0.649535511344147,-0.08348121486674015,0.15447671470179752,0.5893173073556957,-0.38748884445407045,0.22052641472059015,0.09308823561860093,0.11810849188980937,0.43123460870067254,-0.13935054343528802,0.3255270146724899
null,284,0.5634337054207593,-0.10734923840950657,0.14156233234674373,0.44886206197717904,-0.3859415762816858,0.1712430994626727,-0.03220495390123735,0.1175554900924407,0.7843100205288868,-0.2635554194855504,0.19914551168307568
null,285,0.6555335624502654,-0.08649435432832449,0.14500227126966114,0.5512933379775953,-0.3718564353291045,0.19886772667245556,-0.02252981269413074,0.10952101900913591,0.8371571138132268,-0.23806835299631018,0.1930087276080487
null,286,0.6065670348361866,-0.1610772872825041,0.14498680302318376,0.2674759921604573,-0.44640892702905016,0.12425435246404198,-0.20104706450371,0.11503823256606516,0.08156084080436958,-0.4274435402721101,0.025349411264690147
null,287,0.6316189637496763,-0.00849358107461581,0.14605909440002363,0.953666917957229,-0.2959354725851854,0.2789483104359538,-0.03855246676450304,0.11322916646813286,0.7337352651785571,-0.26138868104532553,0.18428374751631943
null,288,0.6749827043184666,-0.20348380732196295,0.15992159778363155,0.204227245796206,-0.5182068771119406,0.11123926246801466,-0.06968516807721743,0.11820948847983198,0.5559717612678867,-0.3023227095037168,0.16295237334928198
null,289,0.7214290676373044,-0.3025966621071892,0.158370335357704,0.05700709862603505,-0.6142668729994067,0.009073548785028307,-0.3685953585061073,0.10990274406696304,0.0009007763218995833,-0.5848851378170652,-0.15230557919514942
null,290,0.5827161885181406,0.2183843849375842,0.13819749239760049,0.11511764492109983,-0.05358600334915445,0.49035477322432286,0.15523540029304797,0.1119099072153614,0.16644077166104476,-0.06500449762590077,0.3754752982119967
null,291,0.6632766328946516,0.08359744231452972,0.1568314889007287,0.5944045768143551,-0.22504434410227736,0.39223922873133676,0.08225712257961194,0.11887862412585772,0.4895161027650271,-0.15169728497645218,0.31621153013567604
null,292,0.567036094078022,0.18438720572554665,0.13233339609680164,0.16455477310756203,-0.07604273765000216,0.4448171491010955,0.15838549390860926,0.10946394143340822,0.14897767260876424,-0.05704071711223557,0.3738117049294541
null,293,0.644449020791841,-0.042382401370775036,0.15094599597849365,0.7790757310788357,-0.33944163467790706,0.254676831936357,-0.011688057368101835,0.11602565698814071,0.9198275687879904,-0.24002779499179144,0.2166516802555878
null,294,0.6619890377909001,-0.22805955461339075,0.15758888857487374,0.1489010442889286,-0.5381918911110404,0.08207278188425884,-0.05170988679901794,0.11845174412380383,0.6627573480969015,-0.2848241899316634,0.18140441633362756
null,295,0.6434304763470265,-0.029882452343988793,0.15151607533803504,0.8437879480572549,-0.32806359243885513,0.26829868775087756,0.04149971732473395,0.11679873073445045,0.7226106719069467,-0.18836143772488043,0.2713608723743483
null,296,0.6402722391071572,-0.04668985259248034,0.14804745792685808,0.7527015740373189,-0.3380448107663184,0.24466510558135776,0.05904872295602023,0.1140342104860143,0.6049735382736066,-0.1653718265881428,0.2834692725001833
null,297,0.6677301193211753,-0.06532424268968179,0.1566027279501475,0.6768821191807057,-0.3735158313244958,0.2428673459451322,0.06575890474670933,0.11712706613253783,0.5749277551977567,-0.16474841788857542,0.29626622738199404
null,298,0.6768252412353423,-0.1440117705420406,0.15618046295751264,0.35723230765139724,-0.4513723486280061,0.16334880754392497,-0.07038183729444959,0.11515212246801461,0.5415313279877051,-0.29700244961164585,0.1562387750227467
null,299,0.6272656250683766,-0.3729074407124887,0.14211816180931022,0.009141525464085207,-0.6525936418099174,-0.09322123961506007,-0.18247402287535217,0.11130972922130188,0.10220569114110789,-0.40153276406355237,0.03658471831284804
null,300,0.6407251026965397,-0.09074338695854493,0.1488303979528399,0.5425200769304823,-0.3836391582048726,0.2021523842877827,-0.018814646978372963,0.11552785161203188,0.8707412847225593,-0.24617469828164837,0.20854540432490246
null,301,0.6531277498744615,-0.0008896965153433244,0.1516841514425117,0.9953240088657869,-0.2994016076148291,0.29762221458414245,0.015498651718403235,0.11334421162692539,0.8913295174481517,-0.2075639726690756,0.23856127610588207
null,302,0.6546679210008622,-0.0863299298959854,0.1491572525740121,0.5631731462322983,-0.37986894565197293,0.20720908586000217,-0.16411063757973143,0.112404050966923,0.14534881822025464,-0.3853230157027052,0.057101740543242324
null,303,0.6684378788564089,-0.009464490150182574,0.15511337024488897,0.9513870290696652,-0.3147250473576561,0.29579606705729095,0.04744490917766618,0.11563738464056884,0.681889743920999,-0.18013070430079098,0.27502052265612337
null,304,0.6357889412148672,0.022425215062708594,0.15406491067061012,0.8843699082893806,-0.2807719909755615,0.3256224211009787,0.17175732421421142,0.11966519705957694,0.15225299982131166,-0.06374506731341253,0.4072597157418354
null,305,0.7031411047920685,0.06714515892049804,0.163726926812097,0.6820249133994025,-0.2550667357061342,0.3893570535471303,0.1295096188545029,0.11714222588204465,0.26980792227447276,-0.10102753833043823,0.360046776039444
null,306,0.6143674097111199,-0.08211632278104943,0.14400366177855276,0.5689475822762304,-0.3655131567550441,0.20128051119294527,-0.001313527097575257,0.11367037361850461,0.990787970700362,-0.2250180417834011,0.22239098758825057
null,307,0.6238619756862819,0.05214807809429138,0.1499812651034405,0.7283138224464443,-0.2430125807443146,0.3473087369328974,-0.040761503118999766,0.11635114448418352,0.7263388872226336,-0.269741803626585,0.18821879738858546
null,308,0.6800805727642887,0.22294242736228043,0.15714504544660662,0.157033615955435,-0.08631643317108817,0.532201287895649,-0.020696049705364365,0.1179399353254877,0.8608227994365546,-0.25280310763246927,0.21141100822174055
null,309,0.6254674912882918,-0.1361717665458227,0.15527873785372193,0.3812223029948223,-0.44175776448311027,0.1694142313914649,-0.09238966732585116,0.1229324133656986,0.45291976823102653,-0.3343219755931486,0.1495426409414463
null,310,0.5678678362872561,0.02256087695972711,0.1552204423696992,0.8845352377772129,-0.28291039642539995,0.3280321503448541,0.0686727755207823,0.1284200219652665,0.5932232880220892,-0.18405920533906003,0.3214047563806246
null,311,0.6484130586069402,0.051814250067653785,0.13837570621208342,0.708339621315824,-0.2205068600699817,0.32413536020528927,0.1253794524887399,0.10502423234306521,0.2335064063988734,-0.08130936341510892,0.33206826839258874
null,312,0.6789370935026126,-0.011463798867063366,0.16914808134549736,0.9460113474963631,-0.34434443630394446,0.3214168385698177,-0.05080353891078056,0.12458857287716282,0.6837369805476972,-0.29599518686317344,0.19438810904161236
null,313,0.6474247643248106,-0.1079359782058679,0.14725736442440565,0.46415173583741764,-0.39773604538337304,0.18186408897163728,-0.09689007847816372,0.112932153306865,0.39161453101405164,-0.3191417676713875,0.12536161071506008
null,314,0.6239643861791871,0.013532347194626513,0.13741074328535038,0.9216167916053799,-0.2568897318005998,0.2839544261898529,-0.06204687589572792,0.1081906506314429,0.5667445494297016,-0.2749672369590143,0.1508734851675585
null,315,0.6106087545040074,0.06577773558724126,0.14702784348418207,0.6549247634578892,-0.22357063816117512,0.35512610933565764,0.09973709624639283,0.11548312061241478,0.3884789895370525,-0.1275349239697821,0.32700911646256775
null,316,0.613055088006417,0.28072430156368705,0.14010362346064906,0.0460112665176172,0.005002678747661582,0.5564459243797125,0.16665634383626762,0.11010016918969827,0.13117420560942195,-0.05002197023412103,0.3833346579066563
null,317,0.6836683278676098,0.2862960736308333,0.1423935401126131,0.04527165291882287,0.006067932569258638,0.566524214692408,0.2367846231451815,0.10436446343905346,0.023998847768081543,0.03139423952213166,0.44217500676823135
null,318,0.6344160832065433,-0.1353146670096325,0.15558244140279917,0.385150496491802,-0.4414983485281022,0.17086901450883726,0.05623742732191548,0.12271116873681857,0.6470796495350031,-0.18525946914233327,0.2977343237861642
null,319,0.59860800266659,-0.038065314193005906,0.13628460488969835,0.7802032398180289,-0.3062711713782958,0.23014054299228398,0.00899686765087435,0.1094423856715579,0.9345381221269083,-0.20638692139940853,0.22438065670115723
null,320,0.6205373898073284,-0.08265096991056195,0.150519609763503,0.5833464402365673,-0.37887108217114507,0.21356914235002114,-0.09326629282213693,0.1183121681534333,0.4311481027578199,-0.3261059089477851,0.1395733233035112
null,321,0.6231639769844202,-0.3081647632976167,0.1496058421600721,0.04028456544164945,-0.6025865959686256,-0.013742930626607863,-0.19694335098935808,0.1175171391952794,0.09481972656844101,-0.4282183415966465,0.034331639617930315
null,322,0.6196228583858722,-0.15045030535595558,0.15557855201252854,0.3343120411555398,-0.456626332618449,0.15572572190653786,-0.058647966554583514,0.12206504813199533,0.6312517796350314,-0.29887329073724905,0.18157735762808203
null,323,0.6426332828277651,-0.20241318560180757,0.14671598482033335,0.16873963385757024,-0.4911478266375239,0.08632145543390876,-0.03914796375787666,0.11422335141161255,0.7320435682105427,-0.2639407446726358,0.18564481715688247
null,324,0.67375664846991,-0.06528886284102009,0.14309551253192662,0.6485359597970037,-0.34689847405907204,0.21632074837703186,-0.05523340140470763,0.10593371009393442,0.6024808896376888,-0.263712079278735,0.1532452764693198
null,325,0.6878385254948517,-0.3121271146150509,0.16310290924541984,0.05662187996838325,-0.6331109529509173,0.008856723720815585,-0.13040388232482023,0.1184107370300515,0.2716676716211368,-0.36343748305705553,0.10262971840741508
null,326,0.5937398710000651,0.12308547183643398,0.14047126593705347,0.38161185509484696,-0.1533596653163838,0.39953060898925175,-0.020502627260445633,0.11272432128093891,0.8557991112319466,-0.24234530079711847,0.2013400462762272
null,327,0.6808505414675129,0.008553267080774172,0.15337748242030572,0.9555656211525655,-0.29329109148601884,0.31039762564756723,0.18533637152750837,0.11193744548970809,0.09883952796649728,-0.03495772201077288,0.4056304650657896
null,328,0.6303463853309749,0.16582989226549394,0.1485482807617977,0.26518039274209243,-0.12651067699663743,0.4581704615276253,0.10186677544281106,0.11675057300991978,0.38363400272878656,-0.1278996046883126,0.3316331555739347
null,329,0.6604303028860153,-0.18017736681722749,0.15497831221007902,0.24592623956552692,-0.4851721320372253,0.12481739840277037,-0.005158961906554196,0.1159391265230012,0.9645381184726058,-0.23332840664658938,0.22301048283348096
null,330,0.6514774770041932,0.05182784096052857,0.14600828238623365,0.7228676880495191,-0.23551405334401115,0.3391697352650683,0.044097344730067836,0.11148924151405169,0.6927366654293432,-0.1753146785759911,0.26350936803612673
null,331,0.6326826817788281,-0.23637448070551043,0.15327464504935837,0.12409877258430188,-0.5380164570204862,0.06526749560946526,-0.03327633103034472,0.1211330332658834,0.7837314730031135,-0.271667439958266,0.20511477789757654
null,332,0.7235147972044313,0.22672209511378977,0.15676731379794281,0.1491662678442465,-0.08179339575799538,0.5352375859855749,0.06213214955930229,0.10874882982182107,0.5682052755331664,-0.15188671413854352,0.2761510132571481
null,333,0.7027528990318741,-0.2599644207716029,0.15062991447580423,0.08541470803979163,-0.5564016108887662,0.03647276934556032,-0.17064059592456043,0.10707614983230535,0.11208441030755824,-0.38136760745928117,0.0400864156101603
null,334,0.6424232807204127,-0.08495808778677828,0.14581243269568783,0.5605688375893362,-0.3719145531268739,0.20199837755331734,-0.02908289517279997,0.11174244093757005,0.7948386059236316,-0.24899321766055246,0.19082742731495253
null,335,0.6204778596943504,-0.0900497820038626,0.14701179715386936,0.5406529475296695,-0.3793665768385808,0.19926701283085563,-0.13906046823747972,0.11572029347634076,0.23044238058679517,-0.3667992471941447,0.08867831071918528
null,336,0.6894937308337562,-0.018023394463687142,0.1583815627411175,0.9094753635336921,-0.3297157006614956,0.29366891173412124,0.03248025643186862,0.11557855777799685,0.7788889384172581,-0.19497958514997876,0.25994009801371604
null,337,0.679429143726925,0.12773844382564975,0.15531235647400063,0.411474072195376,-0.17791371500249215,0.43339060265379165,-0.08631294425922201,0.11411425505593703,0.4500271365769599,-0.3108910223756751,0.1382651338572311
null,338,0.6650965833171668,0.0491635337249494,0.14544267750134002,0.7355817439690451,-0.2370652594842475,0.33539232693414633,0.19059730498725572,0.10769652403459982,0.07779614318887586,-0.021350609632675793,0.40254521960718725
null,339,0.6071856793358273,0.04401139111575408,0.14511433720213676,0.7618829678244501,-0.24157123379389384,0.329594016025402,0.028787023528221153,0.11543570840652723,0.8032420499524353,-0.19839168895815026,0.25596573601459255
null,340,0.616138986870423,-0.013673828590406653,0.13882629445393124,0.9216049251224275,-0.28688168896472677,0.25953403178391343,0.0006526041742270049,0.11032118536143411,0.9952841319419998,-0.21646067209309983,0.21776588044155382
null,341,0.6428100107383538,0.28034731128261947,0.14120918068029004,0.04802689989062097,0.0024499700719801676,0.5582446524932587,0.17138394722021943,0.10815224699074534,0.11411260383038213,-0.041460835066197216,0.3842287295066361
null,342,0.6142974848879181,0.1731018452108518,0.15161908849623576,0.25450295732129036,-0.1252820230822505,0.47148571350395413,0.07438790094951259,0.12048139658183757,0.537430891979839,-0.1627207799937414,0.3114965818927666
null,343,0.6182995552501945,-0.05612604727301124,0.1436633637284231,0.6963156934082511,-0.3388531802906332,0.22660108574461074,0.012762013258841645,0.11167718107144466,0.9090965399360017,-0.20701987711229763,0.2325439036299809
null,344,0.6466113906891618,-0.02882989762235103,0.15275714882973498,0.8504331243961809,-0.3294534499026636,0.2717936546579615,-0.02635679879509948,0.11671980314812086,0.8215030370660248,-0.25606262350811765,0.20334902591791867
null,345,0.6401830133309574,0.018039582550373672,0.16133814704285934,0.9110477960341673,-0.29947123284464766,0.33555039794539504,0.05461186488538398,0.12447377204516298,0.6611685953076214,-0.19035385379810157,0.29957758356886954
null,346,0.6568885546318197,0.02571083416104679,0.15827037306252728,0.8710629020664398,-0.28576265258110417,0.3371843209031978,-0.038382689736101726,0.11925221234126598,0.7477848413656654,-0.27307232290777556,0.1963069434355721
null,347,0.7298282112874049,-0.07324319486325212,0.15634027229811198,0.6397808840834666,-0.38091827509871834,0.23443188537221413,-0.15811371410072395,0.10653633156184197,0.13883862495650812,-0.3677783574882453,0.051550929286797414
null,348,0.6688817258403006,-0.17796971478926019,0.14335542480383745,0.2154162332419186,-0.4600908290764757,0.1041513994979553,-0.06551608544321728,0.10766174393489496,0.54329849130756,-0.27739555245382436,0.14636338156738976
null,349,0.6625943805716572,-0.07739627070522549,0.15072825827609565,0.6079958569570587,-0.37402699980118503,0.21923445839073408,0.13644955986411725,0.1138905193091689,0.23184563821463022,-0.08768820390255977,0.36058732363079427
null,350,0.677536816937593,0.16221087015028196,0.15862072587495507,0.30731338746630904,-0.149952105154796,0.47437384545535993,0.07844663168079735,0.11705306856098331,0.503265523443251,-0.15191506293985546,0.30880832630145016
null,351,0.6404523484811223,0.006939603066360562,0.1566604793155954,0.9646973600485984,-0.30136563930422283,0.3152448454369439,-0.05106834120884837,0.12088866614311718,0.6730097759518013,-0.2889785330177052,0.18684185060000846
null,352,0.6354302420784922,-0.054680997871160264,0.15384405845528654,0.7225187791480179,-0.3574435703881308,0.24808157464581027,-0.04301021722351662,0.11894811244412112,0.7179178601321397,-0.27710137853536254,0.1910809440883293
null,353,0.6241812675727185,0.07109295366998869,0.1602905866732677,0.6577086434679259,-0.2443562801758396,0.386542187515817,-0.08863571892568128,0.1250227818594095,0.4789094451967556,-0.33468189481313415,0.15741045696177158
null,354,0.6603135980307437,0.033046586880708224,0.15710025112748502,0.8335360240845373,-0.27612411917059865,0.3422172929320151,0.08494937545528347,0.11902576250876745,0.4759714852354401,-0.14929460201678135,0.3191933529273483
null,355,0.7265611687388068,0.3490453270466477,0.16085768534917802,0.030806883215070562,0.03248005234936541,0.66561060174393,0.27239321762045093,0.10995401419133809,0.013794849463064498,0.056002538154720144,0.48878389708618175
null,356,0.6270528621122042,-0.1281574692460606,0.14239092013225482,0.3688283525867898,-0.40838045422945335,0.15206551573733215,-0.14447213780090387,0.11065283655692387,0.19269080500156363,-0.36223810717875926,0.07329383157695155
null,357,0.6524806883347796,0.04974497373257799,0.15709017803427605,0.7517202088657925,-0.25940590863724405,0.3588958561024,-0.1638584074608316,0.11870660497615575,0.1685159156749809,-0.3974742794849382,0.069757464563275
null,358,0.5905025698501312,-0.10595791073122933,0.15086729073956934,0.4830263960024488,-0.4028622534247976,0.1909464319623389,-0.08346072828059704,0.12190968645348163,0.4941250316473895,-0.32338029901329746,0.1564588424521034
null,359,0.6631697907517846,-0.21894751026545628,0.13873735093617579,0.11559700372834494,-0.49198033126214463,0.05408531073123207,-0.13837665433713683,0.103941150207234,0.18411535337049936,-0.34293395297885215,0.06618064430457848
null,360,0.6350803581837514,-0.20137314624187294,0.1506557611536149,0.18236182554662914,-0.4978612021951533,0.09511490971140737,-0.15047770203370675,0.11625947579208654,0.1965615837074965,-0.37927759757186463,0.07832219350445113
null,361,0.5855197628091235,-0.05688143807769191,0.14949949059359396,0.7038617509902307,-0.35109397261797387,0.23733109646259004,-0.11453446249852318,0.12099024852336139,0.34459332693612843,-0.3526445695214307,0.12357564452438431
null,362,0.7223894075952444,0.05425656874417052,0.1564488904198583,0.728986716456261,-0.25363227016544976,0.3621454076537908,0.17555242707055912,0.10940657792464352,0.10965099276812261,-0.039760891949666866,0.3908657460907851
null,363,0.6563940512828652,-0.05628390732408719,0.15488972404784754,0.7165791637299341,-0.3611043325002702,0.24853651785209582,0.08315154142185634,0.11720588323536753,0.4786046320207794,-0.14751089411731166,0.3138139769610243
null,364,0.6069822928962813,-0.1756927015576669,0.14921083017926498,0.23994685076475566,-0.4693371571581212,0.11795175404278743,-0.1285741716702509,0.1184030863007964,0.27840581507393536,-0.36159271568523854,0.10444437234473677
null,365,0.7092427931334068,0.014609983690446499,0.15151289889590602,0.9232462241004165,-0.28356490521864064,0.3127848725995336,-0.030683249415130766,0.10648306722717163,0.7734324782963561,-0.2402430680206251,0.17887656919036357
null,366,0.6438832887505772,-0.06652729424737179,0.15793092270926049,0.6738823408222121,-0.37733274828661073,0.24427815979186712,-0.13136065818651776,0.12133751122080712,0.2798646843258664,-0.37015418192327637,0.10743286555024084
null,367,0.613119147052134,0.006297853895027441,0.15464929693103835,0.9675437233880106,-0.2980494146762214,0.31064512246627635,-0.08970335043969549,0.12320132588889811,0.46712564500617104,-0.33216488143742207,0.15275818055803111
null,368,0.67973776850971,-0.055484331080677136,0.15813188918799928,0.7259318047005119,-0.36668528383922677,0.2557166216778725,-0.07305002439131705,0.11615943954266884,0.5299144473620264,-0.30165304751747707,0.15555299873484296
null,369,0.5809574892964616,-0.37563065949212193,0.1405034049394265,0.007922538964783166,-0.6521390456721319,-0.09912227331211199,-0.3425734269698372,0.11348351642646703,0.0027595123573946204,-0.5659102046972132,-0.11923664924246122
null,370,0.6464254150898032,-0.20178839153614586,0.15106014067432802,0.1826324702083057,-0.499072259724189,0.09549547665189728,-0.08826517278835373,0.11665753328412645,0.44988062511936333,-0.3178484497410278,0.14131810416432034
null,371,0.6438334884596132,-0.22354753766816615,0.14991942309114184,0.13699185215712673,-0.5185864924453922,0.07149141710905998,-0.05059669495836847,0.11387537223354635,0.657138517672883,-0.27470464911772935,0.1735112592009924
null,372,0.7039562222229057,0.04467930638635425,0.15469195967426455,0.7729148034297681,-0.25975192176071116,0.34911053453341967,0.0981145532944045,0.11202641618932056,0.381840104272132,-0.12235463553515172,0.3185837421239607
null,373,0.5820339900392318,-0.05729335065281265,0.14214674580219236,0.6871957134628845,-0.3370358045773228,0.22244910327169748,-0.04057120758790346,0.11564164718173368,0.7259612413538318,-0.26815520979309965,0.18701279461729275
null,374,0.6941749960725748,-0.1420631137235106,0.15066961797207018,0.3465094852893418,-0.43857843966722504,0.15445221222020383,-0.14556866658303788,0.10870874110242922,0.1815751163358764,-0.3595086352510668,0.06837130208499101
null,375,0.6323818779762476,-0.16667318668832115,0.14841706368067145,0.2623421019288164,-0.4587555228965481,0.12540914951990578,-0.005306446452792673,0.11550123587674539,0.9633868462114752,-0.23261411770350265,0.22200122479791728
null,376,0.5532219858987572,0.07943830207437673,0.14900451807751314,0.5943445042101222,-0.21380013470874426,0.37267673885749775,-0.033001123986321934,0.12439277165240457,0.7909647526132626,-0.2778074330279232,0.21180518505527932
null,377,0.6796938200213323,0.12152954725924887,0.15695357106250002,0.43936785120765787,-0.18735249484066646,0.4304115893591642,0.16800072263567253,0.11546174998427351,0.1467196202440177,-0.059229239955065904,0.39523068522641097
null,378,0.6093938505954914,0.09429225492122927,0.1443657269194498,0.5141658490571362,-0.1898171172851637,0.37840162712762226,0.1076922969110671,0.11465681069570735,0.3483642392725961,-0.11795353652474672,0.3333381303468809
null,379,0.6577835450298641,-0.1281073046669956,0.14938758532101176,0.39183252392476897,-0.4220996114744331,0.16588500214044188,-0.06666381240368155,0.11237832484099221,0.5534943948293567,-0.28782556123484515,0.15449793642748208
null,380,0.6566424033217959,-0.2550204960479956,0.15562854406084817,0.10234533285109415,-0.5612949068379818,0.05125391474199065,-0.05878921174754302,0.11746000025455558,0.6170920962329627,-0.2899517523065261,0.17237332881144007
null,381,0.6016575862839539,0.16199995186765717,0.14023939044817937,0.2489504582450059,-0.1139888581431179,0.4379887618784323,0.05236823417508072,0.11305298950531133,0.6435481649853252,-0.17012126195296182,0.27485773030312327
null,382,0.6335967903705206,0.3257393510060028,0.14454041349958213,0.024949122178183958,0.041286198487805126,0.6101925035242005,0.20983071459516753,0.1119740864552275,0.06192618270562119,-0.01053548875632368,0.4301969179466587
null,383,0.6138705029336796,-0.2205212567836184,0.13971057524028355,0.11553476739081693,-0.49546936717728624,0.05442685361004945,-0.1914374226943473,0.11197590571012302,0.08838222796789777,-0.41180720635898904,0.028932360970294446
null,384,0.6554596815205463,-0.048295903062955205,0.15174836818911766,0.7505090626979869,-0.3469341916618148,0.2503423855359043,0.08022045140082142,0.11471231749970255,0.48490213657892456,-0.14553462002070694,0.3059755228223498
null,385,0.5915951835113579,0.20190606580746992,0.14575771801800294,0.16702562652881534,-0.08494272194834554,0.4887548535632854,0.11233730476816742,0.11731023450342438,0.3390415760446448,-0.11853049518596989,0.3432051047223047
null,386,0.6127231249332741,0.038340168175093996,0.14419222772316762,0.7905036206919597,-0.24542776047134968,0.3221080968215377,-0.0025265201493763693,0.11453344443191124,0.9824155672133354,-0.2279295674546217,0.22287652715586895
null,387,0.6194921208100793,-0.16229647399103841,0.1534946169262319,0.29121427435511055,-0.46437135133574725,0.13977840335367042,-0.1460547161930211,0.12029446053483722,0.22566079047262505,-0.38279550499041265,0.09068607260437045
null,388,0.6905921068063544,0.052239519664592476,0.15493081406439896,0.7362196230058071,-0.2526617699872211,0.3571408093164061,-0.01770934065869535,0.11244581922842288,0.8749643240624702,-0.23900391916837194,0.20358523785098126
null,389,0.6245826468485355,0.061132948322519545,0.14221460256907992,0.6676062337841338,-0.2187430466013106,0.34100894324634967,0.047327591908895114,0.11138924704997097,0.6712293840213195,-0.17188764121915734,0.26654282503694754
null,390,0.645287503633559,0.17183999930637903,0.14917145429350379,0.2502626970831414,-0.12172696519960016,0.46540696381235824,-0.02383879454160417,0.11544602824603296,0.8365478109844536,-0.2510378165828295,0.20336022749962113
null,391,0.639689966873152,-0.26411831008981673,0.153441592505837,0.08623856253163496,-0.5660888362487457,0.03785221606911232,-0.2216171142324724,0.11808618706231933,0.061537303065636116,-0.4540119971465848,0.010777768681639988
null,392,0.6307564082765947,0.18866126381180232,0.14636547279914489,0.1984102293081307,-0.09938357534076891,0.47670610296437355,0.16838515160080106,0.1136682415709263,0.13957070765664084,-0.055315167192519,0.3920854703941211
null,393,0.6118856302147001,-0.007270174091168488,0.15018765052820182,0.9614242013245545,-0.30283699604558245,0.2882966478632455,-0.02339604299300128,0.11847027847437618,0.8435839580676903,-0.2565468219264013,0.20975473594039878
null,394,0.654582176879368,-0.13652637092677444,0.14384295648093304,0.3433236699271751,-0.4196069395226129,0.14655419766906402,-0.13964278342896744,0.10882681997709703,0.2004379585044185,-0.3538151325890396,0.07452956573110472
null,395,0.6277766417450609,0.1437248979496223,0.1398857012871186,0.305046899430878,-0.13156785761908119,0.41901765351832576,-0.06307351407648755,0.11208576225772897,0.5740477793250409,-0.2836594966053094,0.1575124684523343
null,396,0.5886969268450448,0.1286288287188214,0.15165520830132695,0.3970284263375147,-0.16982612275564016,0.42708378019328297,-0.030687130195992885,0.12377895866276141,0.8043691331176623,-0.2742854486892669,0.21291118829728112
null,397,0.6728779446951212,-0.19205030929585984,0.14752120847389408,0.19397687471999592,-0.48236961721602667,0.09826899862430702,-0.2113452833445921,0.10927400528201504,0.054055616738327344,-0.4263976979819456,0.003707131292761401
null,398,0.6981168199055171,0.2132977355889479,0.1457056070658501,0.1442801749172403,-0.0734484986715391,0.5000439698494349,0.213695870032232,0.10366837394200587,0.04014359903097736,0.009675398006706665,0.4177163420577573
null,399,0.648662845216805,0.012452077592405327,0.14548295056240257,0.9318489695246521,-0.2738559723374791,0.2987601275222898,-0.16442864412894662,0.11248955813267346,0.14487776099304392,-0.3858093012713997,0.056952013013506414
null,400,0.7032556103125509,0.24828015019600644,0.15631527792598504,0.11327583404631493,-0.0593457415268869,0.5559060419188998,0.07622508389838285,0.11207943774725157,0.49697350894414316,-0.144348451925973,0.2967986197227387
null,401,0.6502841299552093,0.07521975164715551,0.14352367090138843,0.6006047449466904,-0.20723246818824909,0.3576719714825601,0.04709672976900531,0.10973344954928119,0.6680956453735891,-0.16885987611503928,0.2630533356530499
null,402,0.6561947037541316,0.14025474163084448,0.15274785922963566,0.35925355476259824,-0.1603505288695153,0.4408600121312043,0.00383077396142513,0.11443802457152213,0.9733186341638247,-0.2213844860349531,0.22904603395780337
null,403,0.6053674761698273,-0.019350127556662204,0.13820613197583237,0.8887476357188443,-0.2913375183910274,0.252637263277703,-0.04233483049373914,0.11136129338348653,0.7041011457215327,-0.26149505050627586,0.17682538951879762
null,404,0.5787629907405779,0.04296380037323465,0.14137283380280827,0.7614136655525259,-0.23525560748639684,0.32118320823286617,-0.06214716697301999,0.11652833995764375,0.5942106783508867,-0.29147619007324826,0.16718185612720826
null,405,0.6500524588846793,0.09542177066788347,0.1598409889114094,0.5509759718891158,-0.2191426621895618,0.4099862035253288,0.23823576177754835,0.12123476519834,0.05034017505600495,-0.0003555566847819047,0.47682708023987863
null,406,0.6445946653642188,-0.16899540631570076,0.1523322956310212,0.2681609069607358,-0.4687828545002413,0.1307920418688398,-0.016834052670828024,0.11854789310990807,0.8871749300366613,-0.25013757803956976,0.2164694726979137
null,407,0.6751087153168673,-0.07286939770110362,0.1491949935095676,0.6256147921713252,-0.3664826869964967,0.22074389159428948,-0.028305569682418086,0.11122584213084163,0.7992957826376662,-0.24719922017668958,0.19058808081185338
null,408,0.6566552607477024,-0.05285230487272763,0.15600897309537962,0.7350168601064071,-0.3598753937352464,0.25417078398979115,-0.012728017887800668,0.11800905485102199,0.9141827677279089,-0.24497110378264025,0.2195150680070389
null,409,0.6185700671430526,0.030650416344865854,0.15025868008926538,0.838505444909996,-0.26505619061553587,0.3263570233052676,-0.03164161306314365,0.11798018998394486,0.7887365771581366,-0.2638278925899261,0.20054466646363883
null,410,0.6202759588664817,-0.1425620332189037,0.13626115820454654,0.296300428358896,-0.41072174771409015,0.12559768127628274,-0.1750575298023326,0.10716418510253982,0.10341756283180735,-0.38595779569327754,0.035842736088612326
null,411,0.6317482683130846,0.24233200890232864,0.1558126692172153,0.12094480871722035,-0.06430475716199535,0.5489687749666526,0.021820575508705514,0.12021110497764782,0.8560846135331017,-0.2147561686579364,0.2583973196753474
null,412,0.6955132131299581,0.12666477064330178,0.15147647728000282,0.40371412804918205,-0.17143844112572026,0.42476798241232383,0.10675407117030113,0.10855244342618761,0.32619744702039555,-0.10687830199419314,0.3203864443347954
null,413,0.6780237895818124,-0.06578303324613571,0.15954619504513617,0.6804071804580973,-0.3797673166313734,0.248201250139102,0.029521901670060895,0.11790296620571368,0.8024582990472535,-0.2025124006327407,0.2615562039728625
null,414,0.6341305736115773,-0.3959439495668316,0.15018936728194882,0.008822244744468145,-0.6915141500643367,-0.10037374906932645,-0.17790768757731015,0.1152834303012579,0.12384581556142414,-0.40478671511894054,0.04897133996432024
null,415,0.5721569508718668,-0.08403066871687301,0.14088378413605346,0.5513264478772193,-0.36128763488924054,0.1932262974554945,-0.019628165967629584,0.11568431284518389,0.8653855091192306,-0.24729613465619385,0.20803980272093467
null,416,0.7082215104258417,0.09882110197122684,0.16952254142192372,0.5603774936935543,-0.2347964667269723,0.432438670669426,0.10337459901391534,0.11992584312226107,0.389392079067546,-0.1326407467611646,0.3393899447889953
null,417,0.6609311179820482,0.15594855726814646,0.15601850305441795,0.31834118104630443,-0.15109328639675726,0.4629904009330502,0.23047793615963097,0.11727917639568425,0.050325086539998204,-0.0003287411052963485,0.4612846134245583
null,418,0.6845447304009472,-0.0008650650044036965,0.146655608341459,0.9952975732952547,-0.2894808861243751,0.2877507561155677,-0.037529255550531604,0.10671662031126929,0.7253344154385806,-0.24754870913098248,0.17249019802991927
null,419,0.6475134537369348,-0.07709499244936456,0.14211992981628815,0.5879054763238458,-0.3567846729553985,0.20259468805666936,-0.04185354203614272,0.10821726886226528,0.6992156753896521,-0.254826288063236,0.17111920399095054
null,420,0.5555457176323647,0.04491352838262237,0.149553818689714,0.7641455979115427,-0.2494059229557889,0.3392329797210336,0.1400070117865136,0.12380851741096549,0.2590399307303201,-0.10364947864031898,0.38366350221334616
null,421,0.6253548463243832,-0.010614191160734875,0.14515888397916613,0.9417588946220827,-0.2962844833936852,0.27505610107221545,0.042054281119733486,0.11390362633949251,0.7122356746606959,-0.18210927742322675,0.2662178396626937
null,422,0.6590283127461902,-0.07120459190251233,0.1500716690487519,0.635513035406627,-0.36654316421612015,0.2241339804110955,0.08353032267976891,0.11269853910481178,0.45916965362566176,-0.13826161125770614,0.305322256617244
null,423,0.5933649659391979,-0.263041533514019,0.13780517790016675,0.05725254868121621,-0.5342398533330419,0.008156786305003938,-0.17251424641782567,0.11160759915558895,0.12324032402309505,-0.3921591988321174,0.04713070599646607
null,424,0.6486923760462816,0.0220873605746484,0.1535971326110219,0.8857554459312622,-0.28018926594881977,0.32436398709811654,0.11257698001079149,0.11743511358486011,0.33852684764327623,-0.11853658331525792,0.3436905433368409
null,425,0.6356101395114707,0.15295942815984417,0.14419519836111958,0.2896516059152165,-0.1308143466531488,0.43673320297283713,0.13156318551345705,0.11068413464426076,0.23553554191458256,-0.08626437883602917,0.3493907498629433
null,426,0.6326920080673117,0.10009068488481981,0.1471297014480945,0.49685157678727365,-0.18945814365850455,0.3896395134281442,-0.09861582214207452,0.11378492581186711,0.3868159764179806,-0.3225457767733021,0.12531413248915307
null,427,0.6712730783979425,-0.028182407565429633,0.15849774517180826,0.8589937841815349,-0.34010335887277554,0.2837385437419163,0.04397486993110285,0.11807599252603893,0.7098403173575292,-0.18839995002624732,0.276349689888453
null,428,0.6538038199559535,0.060893838586571485,0.16265804812791942,0.7083982834593012,-0.25921452039897386,0.38100219757211684,0.009108372976433684,0.1229992370956209,0.9410188102377579,-0.23295544510820573,0.2511721910610731
null,429,0.6540491797980185,-0.0884539272872235,0.15527228464330697,0.5693323149787239,-0.39402722541272867,0.21711937083828164,-0.12996195083052312,0.11722812531333342,0.268492233828471,-0.36066815901773097,0.10074425735668474
null,430,0.6169045174207085,0.160649077816871,0.14628864410811707,0.27302189166885305,-0.12724456373748133,0.4485427193712233,0.13742667673115813,0.11527589900200982,0.23415556057402834,-0.08943752913275965,0.3642908825950759
null,431,0.6567894243249583,0.26343300580332263,0.1491384341482458,0.0783617323814215,-0.03006897560078331,0.5569349872074285,0.21012744808180794,0.11295777326917915,0.06384467332605008,-0.012174661472089537,0.43242955763570545
null,432,0.6599212547094455,0.026200092561125776,0.15254760138741572,0.8637508233420259,-0.27401107380491785,0.3264112589271694,-0.0599365232631304,0.11583394477207941,0.6052390758832851,-0.28789896918900904,0.1680259226627482
null,433,0.6653538261350435,0.18244499184819368,0.1478012086646355,0.21803174016279853,-0.1084253518344544,0.47331533553084176,0.2305722164194251,0.1097314781313615,0.036465160331600924,0.014619490306994942,0.44652494253185526
null,434,0.647450511726814,-0.03954174525189645,0.13758795007122682,0.7740122183617077,-0.31031256428231246,0.23122907377851953,-0.041929455230132584,0.10531347827020622,0.690814370120341,-0.24918751022149505,0.16532859976122988
null,435,0.6086497614983941,-0.19106472531442814,0.14499187202268515,0.1885990021442274,-0.4764063407684831,0.09427689013962681,-0.17265341580625654,0.11508414696616781,0.13461905640520885,-0.3991402516066077,0.05383341999409463
null,436,0.6625606623529241,-0.14913200889820805,0.1480345464727497,0.31455611850766974,-0.4404615575430722,0.1421975397466561,-0.012888020713077576,0.11136403996578693,0.9079459949332057,-0.23205364602904557,0.20627760460289044
null,437,0.6338506882369663,0.14342017178441516,0.15574361723723804,0.35786384681673555,-0.16308070112091902,0.44992104468974936,0.07037476949518798,0.11951285430605335,0.5564130944994854,-0.16482780985923706,0.305577348849613
null,438,0.6562816568263067,0.14404761802482166,0.1584661774721463,0.36408096815175905,-0.1678112085696555,0.45590644461929886,0.20779354125887606,0.1199445488036964,0.08424163132943847,-0.02825861749793479,0.4438457000156869
null,439,0.6318761476096455,-0.02239357862438244,0.14525889717645799,0.8775857481059075,-0.30826069518192334,0.2634735379331584,0.025204432007514575,0.11266121029965442,0.8231304347940557,-0.19651403844096418,0.24692290245599333
null,440,0.6549910277134121,-0.09523320339438411,0.1505081886297508,0.5273874655460689,-0.39143083905190174,0.20096443226313349,-0.051144416685847474,0.11490069285050762,0.6565594988765695,-0.27727021281856623,0.17498137944687125
null,441,0.6752570898306492,0.1016215243004248,0.16149361448677924,0.529662354986193,-0.21619524846296317,0.4194382970638128,0.019221999058875092,0.11945026010990671,0.872265765297499,-0.215857394246051,0.25430139236380117
null,442,0.6583612103440489,-0.01142189914031135,0.1528514153605921,0.9404834199998278,-0.31223096640034503,0.28938716811972237,0.08209296773787633,0.11626885885573003,0.48070522002380933,-0.14672539377018926,0.3109113292459419
null,443,0.6573032670857927,-0.23698449215198558,0.15194419527871086,0.119900161066187,-0.5360081652369868,0.06203918093301569,-0.1714180196927039,0.11609762665348651,0.14087305621263893,-0.3998993943898522,0.05706335500444443
null,444,0.616538601703206,-0.05139654239971453,0.15044582042883056,0.7328722611829372,-0.3474714384653138,0.24467835366588475,-0.01065857209912661,0.11846623498447788,0.928370796949886,-0.24380139340103008,0.22248424920277687
null,445,0.6811120604547661,0.1520008036468725,0.15473226339776333,0.3267283797274121,-0.1525097415640498,0.45651134885779476,0.10441688422229281,0.11334617126820938,0.3576852090333754,-0.1186495967602551,0.3274833652048407
null,446,0.6439361135516496,-0.1012337733749311,0.14543568303505805,0.48692779989816637,-0.38744880158971634,0.18498125483985411,0.04675949433364843,0.11318099406497044,0.6798038243067952,-0.17598191614097855,0.2695009048082754
null,447,0.664676279126839,0.06988048159250318,0.15074624258458075,0.6432999249644349,-0.22678564032627033,0.36654660351127666,-0.06358536984548448,0.11422034861575327,0.5781596234842429,-0.28837224122577987,0.16120150153481094
null,448,0.6644253054648928,0.23750296263967036,0.14852663873578204,0.11087057589914326,-0.054795015471806374,0.529800940751147,0.09657897022087232,0.11143555166806048,0.3868193243318956,-0.12272739089231537,0.31588533133406
null,449,0.6966555799103835,0.018331921334794412,0.16775493920437776,0.9130558054349727,-0.3118070353198564,0.34847087798944515,-0.047852017695466514,0.12010748255482764,0.6906152408630806,-0.28422483182238356,0.18852079643145056
null,450,0.6166551235976057,0.18341263985747608,0.15069003853411447,0.2245127397097994,-0.11314287341592044,0.4799681531308726,0.12978402897493746,0.1188597411844406,0.275761015083113,-0.10413321674985007,0.363701274699725
null,451,0.49279285489191765,-0.0061626771692334485,0.14271939807559073,0.9655867642692388,-0.28703210133356066,0.27470674699509373,-0.07387248640578856,0.12419943736871325,0.5524387628506617,-0.3182983115030821,0.170553338691505
null,452,0.59478758791256,0.38022379640925064,0.14186987074985433,0.00777111424912505,0.10102622802632932,0.659421364792172,0.18236624642356672,0.11412797367637037,0.1111298926472643,-0.042238830085066376,0.40697132293219984
null,453,0.6775782484510826,-0.22037878541102368,0.1564101159959527,0.1598870630582863,-0.5281913168931918,0.08743374607114446,-0.17143173922027452,0.11509978777837025,0.1374419326743737,-0.3979493563068277,0.055085877866278665
null,454,0.6532362408605393,0.13999600415141475,0.15229691251160418,0.35872084517609437,-0.15972181063703675,0.4397138189398663,0.19811049244071252,0.11571157456025384,0.08792447069471719,-0.02961112759556081,0.4258321124769858
null,455,0.6853660597830112,0.054560379413655394,0.1534650739681155,0.7224501070540581,-0.24745635787618953,0.3565771167035003,-0.07099155394061092,0.11247901366903067,0.5284270412626758,-0.2923514594654987,0.1503683515842768
null,456,0.6765018491368633,0.16355223325421092,0.1537689776231858,0.28836349133893757,-0.13906258142211386,0.4661670479305357,-0.028521931699896655,0.11472446159100945,0.8038329643860398,-0.25430090282339335,0.19725703942360007
null,457,0.6352519610828117,0.11795652534876029,0.14594381424538833,0.41960368334713516,-0.16925849671668425,0.4051715474142048,0.30603504505975465,0.11307692698822208,0.007195817705145105,0.0834984397085532,0.5285716504109561
null,458,0.6300613077701057,-0.13134201942811444,0.15182185924712685,0.38767876747798213,-0.4301249372183985,0.1674408983621696,-0.10304563110210076,0.1186513499867494,0.3858384094880928,-0.336552760714305,0.13046149851010347
null,459,0.6740741017079492,-0.19898166316010377,0.1588378103170858,0.21128766308224672,-0.5115718570709105,0.1136085307507029,-0.07955307631312367,0.11772713522179307,0.4997325514759451,-0.3112413413533338,0.1521351887270865
null,460,0.6261628048351445,0.1215594060279152,0.15315385647709992,0.42799924291838953,-0.1798448603668022,0.4229636724226326,0.062306399891697097,0.12015462265120669,0.6044607277929916,-0.1741591864505917,0.2987719862339859
null,461,0.6338606124273453,0.0019153961330559285,0.1476370130434776,0.9896574976887063,-0.28863181327221454,0.29246260553832637,-0.0191152665157323,0.11429998957798115,0.8672972211085188,-0.24405887216404462,0.20582833913258
null,462,0.6682992597913633,0.028380411550057962,0.1497520238037493,0.8498178308922755,-0.26632910418742,0.3230899272875359,0.029530016168120857,0.1117754143291247,0.791816884569124,-0.19044519830793488,0.24950523064417662
null,463,0.5878865780135314,-0.1576650181738196,0.14598290847702067,0.2810078310745083,-0.4449569770430538,0.1296269406954146,-0.21826947904740235,0.11820581547359799,0.06581477925262227,-0.45089979195823093,0.014360833863426209
null,464,0.5921482573597492,-0.17837567381284292,0.15284387597727156,0.24412836365554888,-0.47916990369071033,0.1224185560650245,-0.24360360022214222,0.12411241607192593,0.050609736931051044,-0.487858166473833,0.0006509660295485609
null,465,0.6743741321354793,-0.1575791903502157,0.1605521969663633,0.3271536314906014,-0.47354326894292487,0.1583848882424935,-0.03391160588807254,0.1189827406232121,0.7758336370977066,-0.268070915827845,0.2002477040516999
null,466,0.6095498105829997,0.13662123988318858,0.14179941615260283,0.33608930334069187,-0.14243767501305477,0.41568015477943193,0.17349494445044691,0.11279761515328127,0.1250904073638634,-0.04849197221325935,0.3954818611141532
null,467,0.6764615312944495,-0.19781183489740375,0.1538544357763064,0.1995466301908692,-0.5005948298111789,0.10497116001637138,-0.09722245847154021,0.11517774984178061,0.3992907403728698,-0.3238935057352269,0.1294485887921465
null,468,0.6712870993511523,0.09765218664293791,0.15626847905548433,0.5325164248083449,-0.20988160567380382,0.4051859789596796,0.15526006952650068,0.11633619350330304,0.18303920867253004,-0.07369080729032437,0.38421094634332575
null,469,0.6355494809282516,-0.025538581834888184,0.14909810362691908,0.8641146632753332,-0.3189611934374533,0.267884029767677,0.07431098647072733,0.11579766135596775,0.5215442778444785,-0.1535800533030114,0.302202026244466
null,470,0.665379179547481,0.08935797902204039,0.1514685477340283,0.5556766663565774,-0.20872962753114005,0.38744558557522085,0.15629484912079414,0.11309776374365793,0.16803071481723036,-0.06628276318863238,0.3788724614302207
null,471,0.7105679940018278,0.0434336439865363,0.15093528613579593,0.7737285851506945,-0.25360451252660726,0.3404718004996799,-0.09981431120390316,0.10589300004803683,0.34665629677161314,-0.30821287127088504,0.10858424886307874
null,472,0.6951335658350898,0.0182074814471997,0.15893691024074685,0.9088729432961795,-0.29457773948073795,0.33099270237513734,-0.011207495736965885,0.11407239943597372,0.9218010959293106,-0.23570320154432295,0.21328821007039117
null,473,0.607226496686522,-0.04051505736099217,0.14878498135174337,0.7855758824109875,-0.3333214494845833,0.252291334762599,0.02119619719380342,0.11856797040686248,0.858241915598757,-0.2121468405107248,0.25453923489833163
null,474,0.672316616153805,0.050494119094020344,0.15284625218241218,0.7413617103392818,-0.25030478711641674,0.35129302530445744,0.038937392766959,0.11358298826425388,0.7319846646219006,-0.18459514660427062,0.26246993213818864
null,475,0.68475908191604,-0.04999252833236989,0.15467668767022796,0.7467662157100483,-0.3543937014270918,0.25440864476235203,-0.12269524957248329,0.11288028437893291,0.2779431314370783,-0.3448448601591102,0.09945436101414365
null,476,0.6656717429534789,0.03731088837133676,0.1493547318905325,0.8029039662632513,-0.2566167634261654,0.33123854016883897,-0.038979743552708244,0.11043789908539815,0.7243724751556662,-0.2563227136808486,0.1783632265754321
null,477,0.6002783798270265,0.1790067542461465,0.13214729627815539,0.1765745394197604,-0.08105694775223102,0.439070456244524,0.14834473544052373,0.1055142135537284,0.16079616903997182,-0.059308368742208156,0.3559978396232556
null,478,0.6606804512692468,-0.3249179932003149,0.14723723876188935,0.028095385581963027,-0.6146784534055507,-0.035157532995079066,-0.16946120706766948,0.11011151745063158,0.12487351216745118,-0.3861618546373139,0.047239440501974955
null,479,0.6113133931519289,-0.0175260830641717,0.14392699367455677,0.9031630096992143,-0.3007720354725805,0.26571986934423714,0.002896580569549331,0.11464994936345041,0.9798609653277099,-0.22273574969077753,0.2285289108298762
null,480,0.6132343747791926,0.14471205587272717,0.13917341765807253,0.29928010725274623,-0.12917893724861867,0.418603048994073,0.06037709161052706,0.11188603292258392,0.5898577315467308,-0.15981582144412293,0.28057000466517706
null,481,0.6346949694393725,-0.39051337879432707,0.14655248538723004,0.008127708348421712,-0.6789262556392879,-0.10210050194936632,-0.28606749218431343,0.11218310162541675,0.011275986522822835,-0.5068450396329578,-0.0652899447356691
null,482,0.6603005495267007,0.2542457200349806,0.152061584188287,0.09557907858858394,-0.04500897249012836,0.5535004125600895,0.11957499907406902,0.11355379736892396,0.2931883229589807,-0.10390009230200453,0.34305009045014256
null,483,0.6771683263308641,0.17066769180592808,0.15497963787617022,0.27168973587818135,-0.13432968230309741,0.4756650659149536,0.1200951630898842,0.11360551517687774,0.2913167901094344,-0.10348170948704775,0.34367203566681614
null,484,0.6293109841874077,-0.08709409017563262,0.15190365589351168,0.5668410273345128,-0.38603798241843307,0.2118498020671678,-0.13512868744829346,0.11765726764518403,0.2516918842167857,-0.3666794523482291,0.09642207745164219
null,485,0.6574896654615865,0.08317934527075267,0.14806021024007937,0.5746800413575164,-0.20820070924541534,0.37455939978692065,0.014632771798096186,0.11177865838260487,0.8959366496277019,-0.20534882701000928,0.23461437060620166
null,486,0.6235954921564439,-0.3241981475489921,0.15111621182183096,0.03273503124553562,-0.62159236283157,-0.026803932266414254,-0.22698819519964367,0.1177949141809499,0.054939398943670635,-0.45880984995857665,0.004833459559289294
null,487,0.6208507438424945,0.060615253461808814,0.15356846032014795,0.6933390367484473,-0.24160494646558464,0.36283545338920226,0.15675679451133884,0.12104893335831676,0.1963338752754641,-0.08146880489630534,0.39498239391898304
null,488,0.5844282428893219,-0.2897298067722269,0.14449790612894367,0.04586169883662312,-0.5740993054853011,-0.005360308059152774,-0.17572958092855295,0.11696810354434727,0.1340671721881621,-0.40592406348499954,0.054464901627893664
null,489,0.6339242186960133,0.09595549799090149,0.13977299827417541,0.4929274637057105,-0.17911545990506955,0.3710264558868725,0.09390049322103074,0.10823163145015854,0.3863225757414406,-0.11910051853311183,0.3069015049751733
null,490,0.6586745460560295,0.21131135821921673,0.1514997476121503,0.16411940730307073,-0.08683764918010159,0.509460365618535,0.08909727352438519,0.11441209675083229,0.4367549957639172,-0.13606696024273346,0.3142615072915038
null,491,0.6522412113301969,-0.01568614135184593,0.16382028839769708,0.92378201263947,-0.3380817700408421,0.30670948733715026,0.0020094333023289368,0.12429659009488436,0.987112500559758,-0.24260758940228005,0.24662645600693794
null,492,0.6748459859760987,0.12268245169796096,0.14989846022898,0.4137638497448457,-0.17231524851188593,0.41768015190780783,-0.09015058876417595,0.11229594850477632,0.42273754049483114,-0.31115022008197046,0.13084904255361857
null,493,0.6367989545698056,0.016594870439548257,0.1523940555547441,0.9133597242525584,-0.2833141202574075,0.316503861136504,0.08205927276272823,0.11621770492450977,0.4806922751856909,-0.1466584172599395,0.31077696278539596
null,494,0.6750318004832954,-0.20285808213324238,0.1544153716193585,0.1899553635007137,-0.506744989544937,0.10102882527845217,-0.22722838158195843,0.11390135089657433,0.046964120163293786,-0.4513874620288457,-0.0030693011350711175
null,495,0.5568473325324927,0.06398346563659706,0.14410939749722715,0.6573714459574678,-0.2196214544897926,0.34758838576298673,0.17581995433054318,0.12057324384863603,0.14584551457807246,-0.06146948301906635,0.4131093916801527
null,496,0.5777892055921616,-0.19278823049259983,0.1461392979115672,0.18811549508793995,-0.48038796119256444,0.09481150020736481,-0.26375441963322643,0.1200633597235585,0.02881024993392811,-0.5000403995548759,-0.02746843971157692
null,497,0.6187606623333282,0.12757750101573595,0.15495079981072596,0.4109741549119019,-0.17736312025559153,0.43251812228706343,0.1575104976971805,0.12213491119633639,0.19818119189993366,-0.08285231774556776,0.3978733131399288
null,498,0.6431525234510843,-0.07450876274753661,0.15555353461253413,0.6322974035861171,-0.38063555617899325,0.23161803068392006,0.07161883643038981,0.12153930258908688,0.5561330957784139,-0.16757181488387035,0.31080948774464995
null,499,0.6277674835738382,0.0725345750070639,0.14448741074200888,0.6160302567721605,-0.2118142689574301,0.3568834189715579,0.13283789867588014,0.11287474313590758,0.24019642849286088,-0.08930080668502899,0.35497660403678927
null,500,0.5951811513799503,-0.05290843320605755,0.1589393431285116,0.7394563725881258,-0.3656984420170353,0.2598815756049202,0.02446356296145148,0.12842607671220424,0.8490577100877017,-0.22828033370531692,0.27720745962821985
shifted,1,0.01979988592691043,-0.2536413563597724,0.11532684840439823,0.02862526845089386,-0.4806026940531518,-0.026680018666393024,-0.2546370561257106,0.11587976004833624,0.02876470502525655,-0.4826896670067483,-0.026584445244672877
shifted,2,-0.008439859102038361,-0.4723759307645655,0.11498075165023745,5.159665569899241e-05,-0.6986561557475705,-0.24609570578156062,-0.47073414657713986,0.11615085061606445,6.47408505916398e-05,-0.6993202666036042,-0.24214802655067544
shifted,3,-0.0500984814473207,-0.32014578443737746,0.11294282400513342,0.00490322802573588,-0.5424154013889095,-0.0978761674858454,-0.32181303891719437,0.11280269603010513,0.004637759293009893,-0.5438099548009954,-0.09981612303339338
shifted,4,0.0033913767819018126,-0.1458060299114536,0.11762083072959367,0.21609175522754315,-0.3772818870283211,0.08566982720541388,-0.14547018766935133,0.11829779008633357,0.21978789431313425,-0.37828150760470575,0.0873411322660031
shifted,5,-0.03237741581548902,-0.43277313644370174,0.12389157463572063,0.0005499690701487957,-0.6765897142596784,-0.18895655862772506,-0.42930259329489934,0.12446566613816787,0.0006440093220866299,-0.674252359466462,-0.1843528271233367
shifted,6,0.0015041304303729719,-0.19868762369246337,0.11930242025980128,0.0968850994569374,-0.43347282130122405,0.03609757391629731,-0.19885092882648545,0.12036234617667467,0.09957401259664518,-0.4357253172952597,0.038023459642288815
shifted,7,-0.07146562021745685,-0.14913619308704437,0.1205567741017818,0.2170413212237283,-0.3863899383918147,0.08811755221772591,-0.15071586144917987,0.12035431342837655,0.21146074295105616,-0.3875744413831317,0.08614271848477198
shifted,8,-0.07359627489438642,-0.5034668051843754,0.11420187250040656,1.4558593922975538e-05,-0.7282142088322543,-0.27871940153649644,-0.5125738308046413,0.11540935480279657,1.2639894576852623e-05,-0.7397006791161611,-0.2854469824931214
shifted,9,-0.018245693923330083,-0.3362546784322609,0.11317629192450894,0.003210114515034972,-0.5589837564028278,-0.11352560046169405,-0.33559697257055243,0.11342644867027017,0.0033385606182982715,-0.5588214403415358,-0.11237250479956906
shifted,10,-0.07397575608733607,-0.2395416876585572,0.11468084427752577,0.03757981584447487,-0.4652316998729268,-0.013851675444187667,-0.2423759466397107,0.11471072536347819,0.035443555169344866,-0.46812788472006983,-0.01662400855935159
shifted,11,-0.03259755857990709,-0.1947409926690104,0.11429033126596155,0.0894429344005798,-0.4196624817101766,0.030180496372155835,-0.1971365572870296,0.11446081870254535,0.08605866386364805,-0.4223966763777867,0.028123561803727493
shifted,12,0.004267988909107949,-0.3986945066761149,0.11194166253315997,0.0004291167111035649,-0.6189938543445621,-0.17839515900766767,-0.3990764826221191,0.11144689836450165,0.0004001422409170295,-0.6184051741556252,-0.1797477910886129
shifted,13,0.0023406856462104267,-0.3104899531035773,0.11894208151788904,0.009501563027837046,-0.5445660100047001,-0.07641389620245459,-0.31014182520939143,0.11938948249059916,0.009853478715231057,-0.5451016075075253,-0.07518204291125755
shifted,14,0.02014601156291752,-0.5129569357573341,0.1171147947512894,1.6474846336170093e-05,-0.7434369224056514,-0.2824769491090169,-0.5126499744131902,0.11732004687925894,1.7238505893804055e-05,-0.7435370852282326,-0.2817628635981477
shifted,15,0.011918256347011505,-0.3214149004499407,0.11967287338954895,0.0076431385479188915,-0.5569291437149687,-0.08590065718491269,-0.31952864353919885,0.12003633397217882,0.008193858020668661,-0.5557614364922131,-0.08329585058618463
shifted,16,-0.13860663022218,-0.3293128265255231,0.12066974574985759,0.006730657217373047,-0.5667888981725411,-0.09183675487850507,-0.34558231229482417,0.12015557722273285,0.004318309667852941,-0.5820497772441167,-0.1091148473455317
shifted,17,0.060727205239020886,-0.3004979774738317,0.11552760796865733,0.009758056592778388,-0.5278544066822346,-0.07314154826542879,-0.2853359710098172,0.11661540372354112,0.014994099933233602,-0.5148363365353124,-0.05583560548432204
shifted,18,0.05206954155811079,-0.38486139881236753,0.11037029745017156,0.0005622760577860549,-0.6020683258851427,-0.16765447173959241,-0.3836375307206723,0.11044089405511495,0.0005900298035547008,-0.600986394981344,-0.1662886664600006
shifted,19,-0.05616220561120817,-0.3256218132193679,0.11590800749580082,0.005294127344364506,-0.55372686243025,-0.09751676400848577,-0.31573964292292334,0.11717298025872105,0.007448897594812903,-0.5463373250510828,-0.08514196079476394
shifted,20,0.06160316733714057,-0.29740704451717564,0.11850971080406275,0.012620279823408251,-0.5306322029766332,-0.0641818860577181,-0.2889766313365011,0.12034001530278916,0.016952012546286168,-0.5258070724059131,-0.05214619026708908
shifted,21,-0.10169090786143029,-0.44744958277841596,0.12238850148543297,0.00030292455897295434,-0.6883081373971917,-0.20659102815964026,-0.44277421044366616,0.12223245731045071,0.0003433689232571514,-0.6833289976854222,-0.2022194232019101
shifted,22,-0.03593196427375396,-0.35858252997677065,0.11953596771222795,0.0029305368255301474,-0.5938273451243006,-0.12333771482924077,-0.3573700887084009,0.11990063534477215,0.0031160305713839923,-0.593335825306965,-0.12140435210983683
shifted,23,0.009685195237348338,-0.16680179191019032,0.11456286236658311,0.1464530629241627,-0.39225961766753237,0.058656033847151706,-0.16673534248038363,0.11472917623536194,0.14720119678039104,-0.3925235920745426,0.059052907113775366
shifted,24,-0.08437415551286592,-0.4344225305640452,0.11782352266662778,0.0002696586164704312,-0.6662972820737223,-0.20254777905436802,-0.4301857483187256,0.11747897884086231,0.0002965653266360981,-0.661385638939154,-0.19898585769829713
shifted,25,0.031053101992387238,-0.3772155053455121,0.1126635667799704,0.0009183592376149611,-0.5989355486785812,-0.15549546201244308,-0.37763041353822235,0.1128233575726854,0.000922131339881591,-0.599667991559469,-0.15559283551697567
shifted,26,0.018723304824998857,-0.30914701766649005,0.11584371992429111,0.00803406631250458,-0.5371255499957546,-0.08116848533722548,-0.3101380202081328,0.11639790776876409,0.008133910493871053,-0.539210351361428,-0.08106568905483755
shifted,27,0.08688626172145672,-0.32276791679272987,0.1169017279133174,0.0061207637671143325,-0.5528285914141142,-0.09270724217134546,-0.31457861108612334,0.1172915804778424,0.007728813516778781,-0.5454096997178033,-0.08374752245444336
shifted,28,0.08668890204709695,-0.5120988251060572,0.11626900019419821,1.4821778172011145e-05,-0.7409143020001664,-0.283283348211948,-0.5140576236883161,0.11597871974392185,1.3145483254051823e-05,-0.7423049883118613,-0.28581025906477087
shifted,29,0.0007073200619698717,-0.2765708374735688,0.11582323131494553,0.017571280862630337,-0.5045090485571834,-0.04863262638995422,-0.2765056771494287,0.11643659880212572,0.01819901703438844,-0.5056541526714396,-0.04735720162741777
shifted,30,-0.034532376902582575,-0.4158700861385214,0.11212725744370626,0.0002483680997775904,-0.6365346815333173,-0.19520549074372545,-0.41854828679035005,0.11225923821874711,0.00023085459367259016,-0.6394756718714276,-0.19762090170927246
shifted,31,-0.0065761170810420015,-0.37709721201056984,0.11069331047462064,0.0007482477494975334,-0.5949398233939426,-0.1592546006271971,-0.3775821022348624,0.11034459556361696,0.0007095562438444024,-0.5947414500312191,-0.1604227544385056
shifted,32,-0.0762732967260277,-0.3372635889323487,0.11788087776730641,0.004522052148993729,-0.5692512143352577,-0.10527596352943974,-0.338666993466032,0.11783380321492605,0.004345212105689792,-0.570565182261014,-0.10676880467104993
shifted,33,0.03825028230151635,-0.29075311365907786,0.11008375500305514,0.008698569732922535,-0.507396129916607,-0.07411009740154875,-0.29102475467242345,0.1101857080536461,0.008699525522443598,-0.5078714101446838,-0.07417809920016302
shifted,34,0.055514668426219424,-0.2798307237074892,0.11451527261404985,0.01512309507403621,-0.505194893615869,-0.054466553799109335,-0.28352727906508696,0.1140701212290897,0.01348700658080464,-0.5080185013368567,-0.05903605679331722
shifted,35,-0.09680047851247717,-0.2332710387466175,0.11624322513951027,0.04568244014192749,-0.46203579075773515,-0.0045062867354998815,-0.24576922267868834,0.11539198365749831,0.03400758781900595,-0.4728618843899114,-0.018676560967465256
shifted,36,0.015805496114550448,-0.29189697217523286,0.11685965573964571,0.013036015409780957,-0.5218748494519546,-0.06191909489851111,-0.2895741387960022,0.11777454278438898,0.01451587278463797,-0.5213557024279681,-0.05779257516403627
shifted,37,0.05447481952134485,-0.21565630375876194,0.12251350850416125,0.07939209753160321,-0.45676087013095124,0.025448262613427364,-0.22229385966946,0.1230185570945559,0.07177844066545826,-0.46439569971925976,0.01980798038033979
shifted,38,-0.007669589895592206,-0.30654794865352303,0.11850228519461077,0.01016116298894414,-0.5397584936359132,-0.07333740367113284,-0.30877010754633355,0.11866278116814971,0.009732208259211303,-0.5422997338461621,-0.0752404812465049
shifted,39,-0.04446872957198625,-0.41152765868709656,0.11627558334708035,0.0004655754040040862,-0.6403560911176228,-0.1826992262565703,-0.4075409777087465,0.11646894610822145,0.0005385171339126446,-0.6367531130761611,-0.1783288423413318
shifted,40,0.004779255612481793,-0.3734037403971589,0.11595642516361311,0.0014230236464958456,-0.6016040747806327,-0.1452034060136851,-0.37359962638018057,0.11635807316807978,0.0014694269264036207,-0.6025935626120015,-0.1446056901483597
shifted,41,-0.002266053794934276,-0.37530393715675886,0.12485596664387598,0.0028740373632246507,-0.6210184225567894,-0.12958945175672829,-0.3748737848725906,0.12444473905705719,0.002815987210300272,-0.6197823663240312,-0.1299652034211501
shifted,42,-0.031244901538751747,-0.23496924404606415,0.1213078901745734,0.0536976885059158,-0.4737011734077333,0.0037626853156050577,-0.23541152695450607,0.12155296409145708,0.05373365760664773,-0.47462906425198526,0.003806010342973093
shifted,43,0.08837543650696282,-0.45568748337173276,0.11384454435721844,7.915368535959589e-05,-0.6797316711206642,-0.23164329562280123,-0.4478918907372043,0.11467059246192314,0.00011635204657465127,-0.6735648468367754,-0.22221893463763323
shifted,44,-0.029789147907432107,-0.44918228483174855,0.12204314757843365,0.0002763589210593184,-0.6893611886511254,-0.2090033810123717,-0.44648347155281953,0.12237368290020711,0.0003116250098091352,-0.6873161922702208,-0.20565075083541828
shifted,45,0.03931506395759324,-0.4112197061945034,0.11530030510257432,0.00042152811298999026,-0.6381288071071842,-0.18431060528182255,-0.4109361055965948,0.115332390646177,0.00042709268870390235,-0.6379114876222506,-0.1839607235709391
shifted,46,-0.01741840542727533,-0.42544173168808197,0.10982404004979349,0.00013183562321718536,-0.6415736331962983,-0.20930983017986557,-0.4243557526129333,0.11014979158833772,0.0001433535493879719,-0.6411317240961711,-0.2075797811296954
shifted,47,-0.03263381108467108,-0.29170902916178915,0.1169722953970888,0.013181150382575757,-0.5219085794286629,-0.061509478894915426,-0.30024438888888055,0.1152479748401214,0.00964595866837849,-0.5270536397026441,-0.073435138075117
shifted,48,0.01227508526538162,-0.6384899647256609,0.11002887322249469,1.6698860359506963e-08,-0.8550249745432037,-0.4219549549081181,-0.6394009912385172,0.10996962103958946,1.5754723741745682e-08,-0.85582238514903,-0.4229795973280045
shifted,49,0.026472711212724608,-0.1886653823677023,0.10537788826302526,0.0744129353501122,-0.3960473304082382,0.018716565672833585,-0.18490611363081894,0.10656901649036617,0.08376690928413044,-0.39463508130830516,0.02482285404666726
shifted,50,-0.040045521840660805,-0.3800677718205918,0.12239139281270475,0.002084023147294008,-0.6209320165238048,-0.13920352711737877,-0.386451730684102,0.12276485120782074,0.0018122283521733425,-0.6280542748271644,-0.1448491865410396
shifted,51,0.03236975349242506,-0.32423741930995736,0.11759431746772382,0.0061898797060113905,-0.5556610987642611,-0.09281373985565369,-0.31930862214636263,0.1177220621780253,0.0070707863347099454,-0.5509869033820165,-0.08763034091070876
shifted,52,-0.0035098277605359186,-0.4886522717210335,0.10955139103630093,1.1614323353317523e-05,-0.7042476044624866,-0.2730569389795804,-0.48850867332762876,0.10972280580094701,1.2055621900594552e-05,-0.7044443322007703,-0.2725730144544872
shifted,53,0.03757591214598374,-0.283309522928856,0.11105317005135754,0.011239187587473498,-0.5018603320306957,-0.06475871382701628,-0.281634593107646,0.11137176380800051,0.01196553362379598,-0.5008154190279482,-0.062453767187343745
shifted,54,0.08565253616196605,-0.5445602695103791,0.11594560603807243,4.046818777616629e-06,-0.7727393120330298,-0.3163812269877283,-0.553496914215771,0.11580817175286177,2.773084387861234e-06,-0.7814086385633479,-0.325585189868194
shifted,55,0.10285982025082827,-0.24581587354909445,0.10897266107880979,0.0248133102861573,-0.46027227526856346,-0.03135947182962545,-0.25893839423286935,0.10824941841774381,0.017378227195202704,-0.47197441093003034,-0.04590237753570839
shifted,56,-0.06955147243556341,-0.25619971665580604,0.11644965170446385,0.028570462890041604,-0.4853707127459522,-0.02702872056565983,-0.2603236546027743,0.11711396248755135,0.02698297380082759,-0.4908051891241556,-0.029842120081392948
shifted,57,0.03822698944571535,-0.2264805401328688,0.11361821947005189,0.04713800624653464,-0.450079324232474,-0.0028817560332635994,-0.22568382606538218,0.11365859228331587,0.047996949632404376,-0.44936515495717166,-0.00200249717359266
shifted,58,0.05757119206819374,-0.37222537690477503,0.11750599052971084,0.0016964063181822825,-0.6034752304002222,-0.1409755234093278,-0.3794770161184294,0.1180516935320312,0.0014511426539563185,-0.6118040153949036,-0.1471500168419551
shifted,59,0.07613970150078901,-0.27839674504640954,0.11324538289376324,0.014528440513114749,-0.5012617929062211,-0.05553169718659798,-0.2819297386916837,0.11311076750523791,0.013231065983634811,-0.5045329425433981,-0.059326534839969275
shifted,60,-0.04943778137225125,-0.2870577768258692,0.11663066873125162,0.014413711287738511,-0.5165850114425463,-0.057530542209192126,-0.29528367346495693,0.11744069875377156,0.012456470924816916,-0.5264082284633392,-0.06415911846657463
shifted,61,0.009089110139747489,-0.3085686602129216,0.11364316653449533,0.007010434137935181,-0.532216539724358,-0.08492078070148523,-0.30648268524510003,0.11457076565855899,0.007887412706016696,-0.5319591811247535,-0.08100618936544662
shifted,62,-0.016744635898423343,-0.20929485756833288,0.11213763101500801,0.06296932673603409,-0.42997986798055,0.011390152843884227,-0.20809721174741486,0.1123664521231108,0.06502840998045556,-0.4292355949424227,0.013041171447593009
shifted,63,-0.07265432076707898,-0.45358472691733875,0.11358553962368664,8.218698849591167e-05,-0.6771191976176854,-0.23005025621699218,-0.4418273347123785,0.11534671177055988,0.0001561913490850586,-0.6688309008644503,-0.2148237685603067
shifted,64,-0.13058624646137748,-0.42823677194618853,0.11890483800725339,0.000370709738083217,-0.6622395342319531,-0.19423400966042395,-0.4228771964897604,0.11813044810101368,0.00040178758162417956,-0.6553591856028358,-0.19039520737668503
shifted,65,0.03078359263114661,-0.44571608887547715,0.11952178039468175,0.0002300603610257211,-0.6809329836158068,-0.21049919413514748,-0.4483605915485257,0.12019085614058524,0.0002291145739531598,-0.684897485786608,-0.21182369731044337
shifted,66,-0.05534264049556423,-0.2780463916649125,0.1088441724055379,0.011131765041166562,-0.492249929792185,-0.06384285353764002,-0.2902154004411994,0.11003835540321225,0.008795749304907077,-0.5067720643166731,-0.07365873656572575
shifted,67,-0.009721765652421447,-0.28703198760279863,0.12817370535968922,0.02587004893990696,-0.5392757281370515,-0.03478824706854583,-0.28711526209831423,0.1283747413899791,0.026061159968407913,-0.5397581303002412,-0.03447239389638718
shifted,68,-0.08429389309319658,-0.37767458441751384,0.12838330377065413,0.0035203125874252025,-0.6303308111714905,-0.12501835766353714,-0.37174916940314745,0.12842746485835868,0.004078490338441169,-0.6244957979564392,-0.11900254084985568
shifted,69,-0.03633669542190468,-0.395016649835921,0.11302578995854515,0.0005464897303000081,-0.6174495424169344,-0.17258375725490754,-0.3938806673480753,0.11304388022804226,0.00056798394718482,-0.6163522363207321,-0.1714090983754185
shifted,70,0.04065683430526123,-0.3034453403250308,0.11092003491016682,0.006599077796322684,-0.5217341416623585,-0.08515653898770303,-0.2979850583518513,0.11180317211931995,0.008115024061837582,-0.5180149004567844,-0.0779552162469182
shifted,71,0.08361783243860045,-0.20667787383095473,0.11984881416772167,0.08566016940319084,-0.4425383656488685,0.02918261798695901,-0.19855461714191716,0.11954469227558896,0.09778757276493262,-0.4338198539619317,0.036710619678097356
shifted,72,-0.0061727861771213,-0.3096364982718039,0.1061387978039792,0.0038004457060031457,-0.5185159037532385,-0.10075709279036929,-0.30980520967876835,0.10625381882767501,0.0038200097760876274,-0.5189138649747796,-0.10069655438275701
shifted,73,-0.07748871629788287,-0.20802726939654645,0.11304539205233359,0.06673504746971375,-0.4304987385751984,0.01444419978210551,-0.21644051806910142,0.1137904842533881,0.058129057379145525,-0.44038141177287077,0.007500375634667933
shifted,74,-0.031539079129694336,-0.24707303168577105,0.11683068585413726,0.03528016121255931,-0.4769938967050802,-0.017152166666461938,-0.2514730794422033,0.11772252413573665,0.033487275408741676,-0.4831522698155888,-0.01979388906881785
shifted,75,0.057094927575069974,-0.3818867336178647,0.113763736963684,0.0008910311751992513,-0.6057718937475919,-0.1580015734881375,-0.37711440226936727,0.11390649050743487,0.0010457284320801482,-0.6012835975255635,-0.152945207013171
shifted,76,-0.061157508145617295,-0.378082095948135,0.11084335403813862,0.0007370556161878988,-0.5962199905925998,-0.1599442013036702,-0.38552709338253105,0.11180021122879653,0.0006458622864037564,-0.605551108423151,-0.16550307834191114
shifted,77,0.02400937725687664,-0.333374170407289,0.10681270278717948,0.0019790099740224078,-0.5435798097933304,-0.12316853102124753,-0.330204103907366,0.1068147198930973,0.0021820506074522296,-0.5404166185172226,-0.11999158929750939
shifted,78,-0.009987924412977287,-0.2120445854280319,0.11455222683769424,0.06515165475449279,-0.43748148063973696,0.013392309783673173,-0.213065481312075,0.11470159432050392,0.06422400785383885,-0.43879944940190707,0.012668486777757032
shifted,79,0.023054435877810836,-0.3816776620681305,0.1122673667137222,0.0007668257120650834,-0.6026179901980702,-0.16073733393819073,-0.3791446369217774,0.11238130461072192,0.0008403591373450224,-0.6003122499717347,-0.15797702387182008
shifted,80,0.009198118115479843,-0.38882224580002095,0.11727489488507066,0.001028385203424941,-0.6196173068740302,-0.15802718472601174,-0.38941715352949285,0.11767990613994248,0.0010515601346427735,-0.6210124712299687,-0.157821835829017
shifted,81,-0.028635495448987535,-0.1804940718161766,0.11330436410125504,0.11222342561890511,-0.40347519372063884,0.04248705008828563,-0.18176666087387922,0.11328557907245372,0.1096703687779818,-0.40471389576517414,0.04118057401741573
shifted,82,0.07162937879780587,-0.17364506697920623,0.11907860423896033,0.14583131723204493,-0.4079897983462367,0.06069966438782426,-0.18006069895611576,0.11937728137311425,0.13253589201956179,-0.41499646932415124,0.05487507141191972
shifted,83,0.022968831868703785,-0.32664853746976114,0.11787979657432059,0.00594036633446517,-0.5586340351026863,-0.09466303983683602,-0.32696408629051615,0.11819034460162697,0.006024064595432484,-0.5595639523593412,-0.09436422022169111
shifted,84,0.06702832157806961,-0.3033921597500193,0.10646041445922756,0.00468051341263324,-0.5129045015104692,-0.09387981798956943,-0.29723623652424846,0.10597581469616231,0.005368698298434539,-0.5057977767071395,-0.08867469634135733
shifted,85,-0.013301806335097905,-0.2855111738538152,0.11448480106083693,0.013179393595243885,-0.5108153762474794,-0.060206971460151,-0.2849585626849328,0.11496834521772498,0.013747791258024783,-0.5112174994020795,-0.05869962596778616
shifted,86,-0.08665571837185485,-0.430811253548258,0.11821023758762586,0.00031621544088681014,-0.6634470536514764,-0.1981754534450396,-0.42009759823813286,0.11692376482992815,0.0003828174260528354,-0.6502048217289569,-0.18999037474730884
shifted,87,-0.046029036991851735,-0.16369210831416056,0.11168395805876767,0.14379539105406386,-0.3834842978225881,0.05610008119426696,-0.16678974980605987,0.11178077273221883,0.13673405001779557,-0.38677550967688745,0.05319601006476768
shifted,88,0.05678184336512154,-0.4180757387838854,0.1120916932311941,0.00022953478706463795,-0.6386703443943644,-0.19748113317340635,-0.412456886117085,0.11299466954840517,0.00030964946824381785,-0.6348316079443059,-0.190082164289864
shifted,89,-0.03446075067554078,-0.3901634873883428,0.12001452820807386,0.0012824062979110633,-0.6263501017075931,-0.15397687306909244,-0.40412273388478354,0.12124378546432929,0.0009678593443725726,-0.642731804327346,-0.16551366344222102
shifted,90,-0.030118769699488367,-0.47039948947669424,0.11656881297032021,6.94052774638634e-05,-0.6998049929749087,-0.2409939859784798,-0.46628812138302617,0.11678263338165681,8.242898622952138e-05,-0.6961175966696576,-0.2364586460963948
shifted,91,-0.08304950176992175,-0.2630070762762212,0.10856737887834629,0.016011282294074353,-0.47666588930204995,-0.04934826325039249,-0.28493216345875194,0.11112431347496007,0.010838383699389541,-0.5036260044690948,-0.0662383224484091
shifted,92,-0.0567216821709263,-0.5651156751658011,0.11589112408114821,1.7644654105509116e-06,-0.7931874980947947,-0.33704385223680744,-0.5703714768239205,0.1161724635999373,1.5101864265899507e-06,-0.7990001314345011,-0.34174282221333996
shifted,93,-0.022718155958909768,-0.2063277841254516,0.12089635003822176,0.0889323271670717,-0.4442498092787498,0.03159424102784661,-0.20520506360793359,0.12117330851826706,0.09141538417115895,-0.4436754346646007,0.033265307448733517
shifted,94,-0.10582411868929424,-0.24347595922937723,0.11243732327314203,0.031150107299974753,-0.4647507590682848,-0.022201159390469682,-0.23195604379927803,0.11213239028859276,0.03945260394608114,-0.45263379079304433,-0.011278296805511706
shifted,95,-0.02857129418704402,-0.34981817897173306,0.10956936495066226,0.0015609200472387172,-0.5654488840805357,-0.1341874738629304,-0.3475141365596895,0.10959416824513782,0.0016789702220464697,-0.5631966353430328,-0.13183163777634618
shifted,96,-0.10409208771607747,-0.45997645943100396,0.11404569636372767,7.000047975581999e-05,-0.6844165110148419,-0.23553640784716595,-0.4512052718663667,0.11350477809935228,8.842510009026631e-05,-0.6745838927940666,-0.22782665093866689
shifted,97,-0.022394102976474033,-0.39678860898722684,0.11536189893786701,0.0006662003000937922,-0.6238189255530284,-0.16975829242142526,-0.39912823633806904,0.11578988341509096,0.0006489790524278081,-0.627003969040724,-0.1712525036354141
shifted,98,0.038752620820713866,-0.1710962856744187,0.12739482951538836,0.18028460141838235,-0.4218072113787742,0.07961464002993679,-0.178633922237028,0.12744148931944405,0.16205445690988415,-0.42944014035263395,0.07217229587857793
shifted,99,0.045756771665076676,-0.43174882588194075,0.11462977764692717,0.00019962211050626264,-0.6573383398085958,-0.20615931195528572,-0.4367852279474495,0.1153053690113499,0.00018388572100075878,-0.6637074311058896,-0.20986302478900945
shifted,100,0.028293205066397143,-0.44432510489838994,0.11209365278194296,9.244102250518205e-05,-0.6649235668724599,-0.22372664292432,-0.44319437567949643,0.11249854554327936,0.00010188293939811549,-0.6645927201424348,-0.2217960312165581
shifted,101,0.011843536212114755,-0.35001854780957575,0.11778864646648803,0.003204928856909976,-0.5818246635319502,-0.11821243208720134,-0.35102165674522506,0.11837424703017582,0.0032694316151988434,-0.5839834447662567,-0.11805986872419341
shifted,102,0.04433886476332739,-0.3615507052637183,0.12229580056804969,0.0033625681052857257,-0.6022268260042964,-0.12087458452314012,-0.368807156913339,0.12364285989197639,0.0030934931612740454,-0.6121376315657017,-0.12547668226097627
shifted,103,-0.03674386998413053,-0.4629189686616874,0.11191983279872923,4.6019014132706305e-05,-0.6831753557724116,-0.2426625815509632,-0.47080752572955115,0.11342391084451965,4.3350359748455814e-05,-0.6940269990322329,-0.24758805242686943
shifted,104,0.09038268543123798,-0.18752549514459838,0.114856555533335,0.10359327509764646,-0.4135613042156236,0.03851031392642684,-0.18222071952725682,0.1146453552656534,0.11303092654902511,-0.40784400855383574,0.04340256949932211
shifted,105,-0.05072413489122704,-0.1556820072759977,0.10920310767998084,0.15502852894978592,-0.3705919241100502,0.05922790955805479,-0.15188477279617915,0.10910992716961795,0.16495698334428582,-0.3666142799481791,0.06284473435582075
shifted,106,-0.03766443208334963,-0.4447568257271609,0.11402015048709356,0.00011867815922337512,-0.6691466034466417,-0.22036704800768012,-0.4497339026736572,0.11384682110726493,9.761926503856502e-05,-0.6737856679102125,-0.22568213743710183
shifted,107,-0.01363303001177436,-0.3155002506636854,0.10804114869062276,0.0037661673464527852,-0.5281234513495188,-0.10287704997785208,-0.3154032242900941,0.10819033226721822,0.003825323265955517,-0.5283229588091711,-0.10248348977101712
shifted,108,-0.07653409810561326,-0.3418565507845123,0.12027288946235049,0.004788595359442153,-0.5785516157957745,-0.10516148577325013,-0.336105475932392,0.12007590296549991,0.005460984331168115,-0.5724161410887405,-0.09979481077604349
shifted,109,0.05407970180831146,-0.49841420372679346,0.11897794898481852,3.6961258732869873e-05,-0.7325608472119304,-0.26426756024165654,-0.5011416664943066,0.11904124565210036,3.393978817914437e-05,-0.7354161149585468,-0.2668672180300664
shifted,110,0.033019277880550625,-0.42241062621087594,0.11935451093017484,0.00046577543014237797,-0.6572983374007575,-0.18752291502099433,-0.4222226197090327,0.11941899091589032,0.00047193932739120914,-0.6572404749046927,-0.1872047645133727
shifted,111,0.05224247987383636,-0.3900522396319355,0.11512498777768022,0.0007988521110060213,-0.6166163189375118,-0.16348816032635924,-0.38669605160118853,0.1154057694607462,0.0009104824412092403,-0.6138158439210913,-0.15957625928128572
shifted,112,0.08343616175004173,-0.23607422724004254,0.1189494735247578,0.04810227594541667,-0.4701648314889024,-0.0019836229911826264,-0.237035444299327,0.1187890539094183,0.04691214943172392,-0.4708135767085694,-0.00325731189008463
shifted,113,-0.019420107847643857,-0.3744886015944539,0.11615233208458098,0.0014043958706997932,-0.6030744775708996,-0.1459027256180082,-0.372610966456188,0.1165493772816715,0.0015388277856741202,-0.6019813912357819,-0.14324054167659422
shifted,114,-0.16147796357716956,-0.18026080402779335,0.11130589514070066,0.10639929006002949,-0.39930897194190945,0.03878736388632276,-0.16779720728587388,0.1103895671309673,0.1295668751676989,-0.38504505960921087,0.049450645037463103
shifted,115,-0.14982454659594457,-0.4865533600144163,0.110819374908976,1.5741344388159457e-05,-0.7046440641277363,-0.26846265590109636,-0.481278579938546,0.10988968613252281,1.651355231479595e-05,-0.6975426610944458,-0.26501449878264616
shifted,116,-0.06539627256896403,-0.32154402797845305,0.11884657166320942,0.007213375808519026,-0.5554321230590552,-0.0876559328978509,-0.31928144523482455,0.11865195695433925,0.007530816720475009,-0.5527897693657569,-0.08577312110389218
shifted,117,-0.09580925372341181,-0.6233521140341469,0.11597844377710048,1.5534194192574156e-07,-0.8515957806862156,-0.39510844738207834,-0.6278786746659746,0.1156048017514878,1.1685881439306629e-07,-0.8553901646691857,-0.40036718466276344
shifted,118,0.005258658986569592,-0.2787052699321315,0.11601430550097051,0.016904518452540405,-0.5070195118659679,-0.050391027998295146,-0.278660509544123,0.11618106834025539,0.017081107692567928,-0.5073060983759574,-0.05001492071228869
shifted,119,-0.01623201999074216,-0.18488558456237433,0.12121068516837691,0.1282424098599789,-0.4234262160732648,0.05365504694851611,-0.18358529329351844,0.12083753275218381,0.12976098362436195,-0.4213948540404824,0.054224267453445524
shifted,120,-0.025748597514807448,-0.5332028598317259,0.11976219916096556,1.204346305546332e-05,-0.7688928947432933,-0.2975128249201585,-0.5323615369249013,0.12002915441964744,1.2979302869352293e-05,-0.7685802004415148,-0.2961428734082878
shifted,121,-0.06677810746305415,-0.3379937765463035,0.11333530657162398,0.0030985281638919266,-0.5610357927226862,-0.1149517603699208,-0.3401772100176076,0.11337270830760934,0.002924487186021658,-0.563295916178372,-0.11705850385684313
shifted,122,-0.006382480033373141,-0.4001529375618314,0.11482070202325202,0.0005662814980252295,-0.6261181875156864,-0.1741876876079764,-0.4000020040418007,0.1148532547650817,0.0005712416159062994,-0.6260344415135068,-0.1739695665700946
shifted,123,-0.037799677916786546,-0.2219531974212014,0.11842636789797781,0.06188617978404406,-0.4550143384145268,0.011107943572124024,-0.21686936596947878,0.11899714522501052,0.06939172361043687,-0.45105702432011663,0.01731829238115906
shifted,124,-0.019920500187066613,-0.25916557546326663,0.12080495454295356,0.03273778048560332,-0.4969077357875835,-0.02142341513894977,-0.25936265758887883,0.12091428051810311,0.03276551431970683,-0.4973232587624875,-0.021402056415270182
shifted,125,0.17074525599733767,-0.3402686695510775,0.10409908103156693,0.001207324678982435,-0.5451339460279718,-0.13540339307418314,-0.33499240287713733,0.10273585417196837,0.0012410653762606684,-0.5371776659915765,-0.13280713976269817
shifted,126,-0.12632348422774511,-0.2666389660182844,0.11811696695405556,0.024708377869255307,-0.4990912110512351,-0.03418672098533371,-0.26145373266529237,0.11707364993102301,0.026280305274592065,-0.491855931642971,-0.031051533687613764
shifted,127,-0.15856766219908003,-0.1559245544121605,0.12112979510732107,0.19900876996659678,-0.3943059956155264,0.08245688679120541,-0.10396215463580667,0.12187465865422026,0.39433505232936317,-0.34381279028379824,0.13588848101218493
shifted,128,-0.045068528027561956,-0.2243021838048768,0.11218352519422825,0.046473476169658176,-0.44507751320571,-0.003526854404043628,-0.22366892285892137,0.1122841273434013,0.04729058137151086,-0.44464529000431774,-0.0026925557135250022
shifted,129,-0.090208893971998,-0.3973991974986252,0.12325629013557879,0.0014041418503811,-0.639965545884396,-0.15483284911285433,-0.3827506430084844,0.12312707936600187,0.0020626926242017494,-0.625066056052668,-0.14043522996430086
shifted,130,-0.014559126422882502,0.008774078694994632,0.11744430468973537,0.9404970002530044,-0.22235437808363187,0.23990253547362114,0.006966877788458553,0.11708938539338161,0.9525936121639468,-0.22346628874794472,0.23740004432486184
shifted,131,0.021233918358133097,-0.34176966785091345,0.11903989709924567,0.004385261368233345,-0.5760382242046711,-0.10750111149715583,-0.34384801987086094,0.11913370785734889,0.004185672078330545,-0.5783044349469232,-0.10939160479479873
shifted,132,-0.03838411332131469,-0.30050364832866466,0.11201710233687164,0.00771307595593162,-0.520951460287974,-0.08005583636935529,-0.3000307497423523,0.11198959811223992,0.007795062944034571,-0.5204274802012461,-0.07963401928345853
shifted,133,0.04165046621177356,-0.44346936216522026,0.11422735238251715,0.00012753042850368725,-0.6682669098013213,-0.21867181452911919,-0.4331809804768254,0.1140567165488065,0.0001770454103094967,-0.6576458221939985,-0.2087161387596524
shifted,134,0.027819072042589352,-0.2114860829296425,0.11390711258344355,0.0643504626254144,-0.43565340391699703,0.012681238057712041,-0.2131681048743519,0.11424052689761174,0.06303607354304112,-0.4379946873298083,0.011658477581104526
shifted,135,0.038523540616053696,-0.45411613747204427,0.1118087338006028,6.24314715138629e-05,-0.6741538835847699,-0.23407839135931865,-0.4538119038853764,0.11192607158897583,6.427424079789095e-05,-0.6740836134650025,-0.23354019430575035
shifted,136,-0.0581149006605039,-0.4616649218594136,0.11758210517247335,0.00010728067747155646,-0.6930645677178573,-0.2302652760009699,-0.46160214540678957,0.11758870916141553,0.00010767743700290452,-0.6930179864752043,-0.23018630433837486
shifted,137,-0.007804873609867988,-0.4100335550233061,0.11763201938166179,0.0005648472186850616,-0.6415314312231148,-0.17853567882349736,-0.4089247303988319,0.11839006167403812,0.0006329111990648233,-0.641917641808637,-0.17593181898902688
shifted,138,-0.02741548700363973,-0.27578238492495716,0.11008423428654025,0.012773739369871275,-0.49242634440448896,-0.059138425445425385,-0.27451446069281316,0.11051887365977837,0.013549574212330108,-0.4920167896519926,-0.05701213173363373
shifted,139,-0.05260615042188082,-0.3374904063066213,0.10961293242612513,0.0022716134906433385,-0.5532068514893771,-0.12177396112386549,-0.33778224511373656,0.10961401225123904,0.0022529176600443283,-0.5535037971139647,-0.12206069311350848
shifted,140,-0.011728688796370604,-0.40797917937158595,0.112557437229785,0.00034035611347645734,-0.6294903614983346,-0.1864679972448373,-0.40912607747323765,0.1128591605781886,0.0003399428835124438,-0.6312341161933932,-0.18701803875308215
shifted,141,0.014676522094744111,-0.28054040683201104,0.11794333178431328,0.018010504271947298,-0.5126509407114831,-0.048429872952539005,-0.2803453490875409,0.118104130653341,0.018248315062601876,-0.5127755451812747,-0.04791515299380708
shifted,142,-0.03956925646474552,-0.2416659020598717,0.11243744382187086,0.03241549560351728,-0.4629409391366916,-0.020390864983051815,-0.23281077109794093,0.11233858452683372,0.03909340005129133,-0.45389431056452445,-0.011727231631357415
shifted,143,-0.1191466438990113,-0.28538695065866826,0.11251164166427467,0.011708397149244622,-0.5068080078669572,-0.06396589345037923,-0.3022088664498952,0.11108224215515071,0.006902168051997768,-0.520819910651531,-0.08359782224825935
shifted,144,0.06518292649596466,-0.24814712358170335,0.11472782865989684,0.031345077180160524,-0.4739296002865291,-0.022364646876877586,-0.24853743942158998,0.11460788937370261,0.030910116366042566,-0.4740869951708926,-0.022987883672287407
shifted,145,0.01774661645916865,-0.4390813447186386,0.11178487412102843,0.0001066072798224342,-0.6590721353750411,-0.21909055406223607,-0.4393573334885876,0.11196486628574154,0.0001083172786645636,-0.6597053914476205,-0.21900927552955457
shifted,146,0.048462244065741435,-0.16756246861715635,0.1177726387069298,0.1558545516479149,-0.399337081332442,0.06421214409812931,-0.1583498097646435,0.11667373175621441,0.17575102284087699,-0.3879649654841566,0.07126534595486961
shifted,147,-0.016371815355313478,-0.30901496901152914,0.10816785157328043,0.004581296365384862,-0.5218875188830504,-0.09614241914000785,-0.3094406006360793,0.10836124525540516,0.004598800211543616,-0.5226966937493858,-0.0961845075227728
shifted,148,0.04757478647258807,-0.41493167828879296,0.11531085176957294,0.0003750135890300961,-0.6418615348683747,-0.1880018217092112,-0.4169269961650363,0.11552584742233855,0.00036086327524717407,-0.6442831032014952,-0.18957088912857742
shifted,149,0.09259769747291469,-0.2815476982722162,0.10886347994094109,0.010178673157049171,-0.4957892333110778,-0.06730616323335462,-0.2810595624177244,0.10864164076095183,0.010157572972461289,-0.49486747689390354,-0.06725164794154528
shifted,150,0.01976607780631306,-0.4799102972147765,0.1047879796831557,6.854733415239757e-06,-0.6861313148886512,-0.2736892795409018,-0.4786932594175397,0.10537615869534177,8.095581787360193e-06,-0.6860746701579763,-0.2713118486771031
shifted,151,-0.10488772886488987,-0.38170564085027087,0.11689444156355587,0.0012210340121381175,-0.6117519760553645,-0.1516593056451773,-0.37489408160055854,0.1167105264510883,0.001462551937693995,-0.6045816496743004,-0.1452065135268167
shifted,152,0.1140377115250265,-0.2716561697111267,0.11255847443768444,0.016406710514762064,-0.4931693930459338,-0.05014294637631961,-0.2698201431921682,0.11188722977208529,0.016494166682893455,-0.49001541165947615,-0.04962487472486024
shifted,153,-0.011120312292464844,-0.40798401926960043,0.10675171246039697,0.0001613854285746599,-0.6180696306973266,-0.19789840784187424,-0.40914323229539357,0.10690817952396989,0.00015824516906019255,-0.6195396764614003,-0.19874678812938687
shifted,154,0.04789261117581101,-0.38414526654677855,0.11910693100347865,0.00139920720338829,-0.6185457445197082,-0.14974478857384882,-0.38676983219671834,0.11871460916208816,0.0012526680568927637,-0.6204014565446052,-0.15313820784883145
shifted,155,-0.006140250045455581,-0.667633149232648,0.11199182580468509,7.081315499326462e-09,-0.8880312173930357,-0.4472350810722604,-0.6680494465813654,0.1118101843392943,6.602207470348112e-09,-0.8880930888104319,-0.4480058043522989
shifted,156,-0.15023966005255773,-0.43171219521320947,0.12073999451871849,0.00040780580583105864,-0.6693265152800236,-0.19409787514639526,-0.43249966559806863,0.11966041983999194,0.00035368345631144374,-0.6679926555063014,-0.19700667568983582
shifted,157,-0.027825791788802897,-0.43257633328402634,0.10729710971965682,7.047927932317451e-05,-0.643735277532761,-0.2214173890352916,-0.4300724639377314,0.10838523111943268,9.100281079825421e-05,-0.6433757614887536,-0.2167691663867092
shifted,158,-0.08738595077537882,-0.24363122575324947,0.10939946993824919,0.026697659589211675,-0.45892758027657965,-0.028334871229919262,-0.22733776352948454,0.10883968385336125,0.037585279010189744,-0.4415354289360426,-0.013140098122926519
shifted,159,-0.0668220206585869,-0.5300975704045747,0.11874456346264663,1.1427907629785703e-05,-0.7637849150270161,-0.2964102257821334,-0.5247844499021574,0.11840443496216044,1.3157453956643295e-05,-0.7578056480971773,-0.2917632517071375
shifted,160,0.016750153015466746,-0.05483438407766947,0.12271458553435598,0.6553127277404163,-0.29633466673261355,0.18666589857727459,-0.05912139413054677,0.12457508012357592,0.6354331381340832,-0.30428648819913645,0.1860436999380429
shifted,161,0.02151601779467918,-0.3971213260150246,0.10838538293286432,0.00029401453515130965,-0.6104219740184595,-0.1838206780115896,-0.39449116006598167,0.10934246634754442,0.00036233163201892864,-0.6096783068147165,-0.17930401331724685
shifted,162,-0.11001068280397623,-0.32945194599199806,0.12204057761932546,0.007341745745531735,-0.5696257921741891,-0.08927809980980703,-0.3029601819332672,0.12231838212386152,0.013814588701230793,-0.5436840701295784,-0.06223629373695591
shifted,163,-0.051758262677662016,-0.36128760212478406,0.11755616472730117,0.0023133960396528683,-0.592636197614488,-0.12993900663508012,-0.3575990490782203,0.11783520791669509,0.0026212044852164363,-0.5895000023413529,-0.12569809581508776
shifted,164,-0.10355152682932106,-0.17504636672764437,0.11879013211461009,0.14165466792733833,-0.4088233897064234,0.05873065625113466,-0.17756997698619345,0.11821701913899768,0.134145631841269,-0.41022233883071646,0.055082384858329586
shifted,165,0.05011987320428253,-0.20253134035685244,0.11533307797197477,0.08010956171268935,-0.4295049377365927,0.024442257022887798,-0.20320357898311786,0.11542731480506317,0.07936489505907716,-0.43036577277176524,0.02395861480552952
shifted,166,0.05543855262081998,-0.3128860194783089,0.1192254099609657,0.00913109629249736,-0.5475196620876769,-0.07825237686894093,-0.3081188821415394,0.11974335572103027,0.010564407435682743,-0.5437750907533544,-0.07246267352972433
shifted,167,0.00034389154163599813,-0.06741311536191162,0.12226299199931455,0.5817892008073471,-0.3080246693797279,0.17319843865590462,-0.06737215005222925,0.12280451073739762,0.5836846193067433,-0.3090527445749485,0.17430844447049004
shifted,168,0.03240900647386823,-0.27927097312132754,0.12412808877618192,0.025189767004941077,-0.5235530068692504,-0.03498893937340461,-0.27726296896443975,0.12432835972933788,0.026491417484685892,-0.5219425146504636,-0.032583423278415874
shifted,169,0.04498794610566996,-0.10675647793038764,0.11144940031617437,0.33889636211536756,-0.32608706166564216,0.1125741058048669,-0.10646197381309797,0.11154806322238393,0.3406576883820799,-0.3259897588721675,0.11306581124597162
shifted,170,0.050758279580540085,-0.5503255755537098,0.11670253035597503,3.7118835678841637e-06,-0.7799942326639493,-0.3206569184434703,-0.5582125064060169,0.11705074325066551,2.910012247090534e-06,-0.7885696247910194,-0.32785538802101444
shifted,171,-0.03237012484127356,-0.40901312172216703,0.11608352368380667,0.0004930485055328201,-0.6374635838994814,-0.18056265954485262,-0.41892231287885034,0.11644173932075011,0.0003761434086703368,-0.6480809049966593,-0.18976372076104145
shifted,172,-0.01583231000224436,-0.5289912410760983,0.10994977119060508,2.3902161338327587e-06,-0.7453705793980586,-0.31261190275413797,-0.5285627425864261,0.1101720139134315,2.5494890858272344e-06,-0.7453824478438396,-0.3117430373290126
shifted,173,-0.052971755564867724,-0.27358332626815185,0.11057622695366523,0.013913671446723345,-0.4911955192111913,-0.05597113332511236,-0.2762319496717769,0.11039356040233768,0.012880140738903785,-0.4934876607960088,-0.058976238547544996
shifted,174,-0.0013119732987661008,-0.26926169454506044,0.11700667453766578,0.02206974059159334,-0.4995289023942062,-0.038994486695914626,-0.2692382827642474,0.11725548318099163,0.022364866209952268,-0.4999983315284895,-0.038478234000005274
shifted,175,0.02083449010550087,-0.4136867789919007,0.10535958837939002,0.00010723498902436655,-0.6210327131629262,-0.20634084482087522,-0.4152759808543156,0.10536536834206749,0.00010118402455395815,-0.6226361560637543,-0.20791580564487683
shifted,176,-0.03003590255669405,-0.26880860395898876,0.11206106640496129,0.017066803972282017,-0.48934293648000704,-0.048274271437970445,-0.26643276752868195,0.11172560342118343,0.017722292621364693,-0.4863099536035603,-0.04655558145380362
shifted,177,0.028913501115188277,-0.3615137325592776,0.11500478973881742,0.0018384189585725014,-0.5878412641045894,-0.1351862010139658,-0.3607040892390429,0.11533460238644218,0.0019387214444343231,-0.587683823993267,-0.13372435448481876
shifted,178,-0.1032214437378811,-0.4812274518125599,0.11356101070794984,3.0183498019199365e-05,-0.7047136500108411,-0.2577412536142787,-0.4727891898061984,0.11334671720937961,3.985740337873e-05,-0.6958567452068259,-0.24972163440557085
shifted,179,0.08517166240535058,-0.18718699180550413,0.1163385374303395,0.10868195926113944,-0.41613931683473954,0.04176533322373127,-0.18316372753884808,0.11629127294185236,0.11631474496058909,-0.4120262002088506,0.04569874513115446
shifted,180,0.019606054554365468,-0.45299284996854355,0.11262583359482595,7.322119520071622e-05,-0.6746386350148883,-0.23134706492219875,-0.4521957883324667,0.11314563683958649,8.118600049913034e-05,-0.6748676154082417,-0.22952396125669175
shifted,181,0.011711241361583311,-0.401318666669668,0.12036726752636281,0.000964212939984502,-0.6381994661560633,-0.16443786718327266,-0.4011499894383061,0.12070530679225272,0.0010010874484919254,-0.638699328077665,-0.16360065079894712
shifted,182,0.02558891080928544,-0.2566022042655082,0.11756921778906423,0.02985114880614921,-0.4879764879657176,-0.02522792056529885,-0.25788445654937403,0.1174600573366257,0.02890323282450572,-0.48904710944648344,-0.026721803652264592
shifted,183,0.04522754444471305,-0.3393921337542766,0.11544776588710982,0.003542277969818449,-0.5665914350615624,-0.11219283244699091,-0.347405143428531,0.11544991592472405,0.0028451875484975,-0.5746118164631256,-0.12019847039393641
shifted,184,0.10660362119937114,-0.22122909860460319,0.11428895453872802,0.05385337905651209,-0.4461478782692549,0.003689681060048522,-0.22586626378166555,0.11404426692561394,0.048571402209139046,-0.4503066045068417,-0.0014259230564894476
shifted,185,-0.02792428777488299,-0.3303772912214641,0.11584341774573507,0.004650281652649671,-0.5583552288683087,-0.10239935357461952,-0.3265885288346127,0.11774899726775678,0.00589606961082538,-0.5583198186158056,-0.09485723905341975
shifted,186,-0.06095791830331752,-0.14951820449521458,0.11042617607442179,0.1767623839332227,-0.3668350997799348,0.06779869078950565,-0.15920235853740927,0.11171692351496498,0.15519589056137245,-0.37906246246373554,0.06065774538891702
shifted,187,0.04089669255480646,-0.1471378167573829,0.11954692324059733,0.21937318315329155,-0.3824041922042555,0.08812855868948968,-0.14886040234023395,0.11974640740229273,0.21480353640141278,-0.3845226166935106,0.08680181201304268
shifted,188,-0.021998614165957907,-0.40239908024969145,0.11720463066305672,0.0006810417066245432,-0.6330558624923539,-0.171742298007029,-0.40319856038754287,0.11730760440957168,0.0006722130830242847,-0.6340611842887636,-0.17233593648632214
shifted,189,0.03967617678116077,-0.4923648194391517,0.11643363459454692,3.133083618734509e-05,-0.7215042941208573,-0.2632253447574462,-0.48756633073543076,0.11701191744956722,4.058509747466204e-05,-0.7178470395273661,-0.25728562194349547
shifted,190,0.01470049657025057,-0.41668150336651305,0.11242466907561648,0.0002508103245501754,-0.6379313999531635,-0.19543160677986265,-0.41758478386644826,0.11243315083925859,0.00024371875785851685,-0.6388544308503488,-0.19631513688254776
shifted,191,-0.03748114073548008,-0.3340571036990663,0.12294783487702952,0.00697290347709077,-0.5760164172176967,-0.09209779018043598,-0.33259294700371594,0.12301255633949905,0.007253108380931408,-0.5746829775031904,-0.09050291650424147
shifted,192,0.09305861835406695,-0.19564504387468173,0.11458142523985121,0.0887786316632794,-0.421139401060799,0.029849313311435532,-0.1947309818800312,0.1141734605620899,0.08913697117262707,-0.4194255770677232,0.029963613307660786
shifted,193,-0.030152355308336855,-0.2865873957708694,0.12063748456979216,0.018154521392891722,-0.5239999779470095,-0.04917481359472933,-0.2877374004802279,0.120916319401154,0.017963005099704575,-0.5257020141975529,-0.04977278676290289
shifted,194,0.012994169897031406,-0.14994655046619695,0.11325922546413739,0.18654649886248031,-0.37283884027645375,0.07294573934405982,-0.14960595456798156,0.11349955953254455,0.18848285104764786,-0.37297430530022135,0.07376239616425823
shifted,195,-0.08002995968428282,-0.19486497425992721,0.12003668646543302,0.10556939160292925,-0.4310951956646114,0.04136524714475698,-0.19073525221487184,0.11992489579454685,0.11279951410138403,-0.4267487336388477,0.04527822920910404
shifted,196,0.03312826683401284,-0.6110060798642201,0.11630074920625354,2.8499734134748115e-07,-0.8398840382910011,-0.38212812143743907,-0.6018411131327503,0.11698051944108233,4.883883940999939e-07,-0.8320600303071637,-0.371622195958337
shifted,197,0.009505904177369353,-0.24952627858218615,0.1137911822948341,0.029094056089398156,-0.4734654506714652,-0.025587106492907075,-0.24944031326420904,0.11405871054794071,0.029528907888437175,-0.4739090791930689,-0.024971547335349176
shifted,198,0.06760898748676422,-0.3023772569039563,0.10972175055249592,0.006215739792942635,-0.518307854366672,-0.0864466594412405,-0.2999098180138567,0.10945746768642828,0.006517654646278008,-0.5153232886311976,-0.08449634739651585
shifted,199,-0.0012119844874481697,-0.44864832478700656,0.1161289748068508,0.00013734282273104753,-0.6771882340256816,-0.22010841554833147,-0.44878773142421197,0.1166361077657513,0.0001460383261637764,-0.6783288427268804,-0.21924662012154353
shifted,200,0.0025144351721320896,-0.5374910518204482,0.11929646605204898,9.5314787763619e-06,-0.7722645316464457,-0.3027175719944507,-0.5374905077608528,0.11946196174896778,9.808859625203473e-06,-0.772592930016981,-0.3023880855047246
shifted,201,-0.048262487380874276,-0.24318969380624503,0.1185879980226865,0.04117243761616125,-0.47656892022220165,-0.00981046739028843,-0.24409410024763917,0.11882558366718611,0.040832153117891554,-0.4779441236120434,-0.010244076883234948
shifted,202,-0.1298865814845835,-0.4149005827144321,0.1132751246128434,0.0002953423732955412,-0.6378241617874099,-0.19197700364145437,-0.4264055882301843,0.11220385781309292,0.00017546472527391508,-0.6472239840788384,-0.20558719238153025
shifted,203,-0.029838587016370217,-0.45804942132331666,0.11574702050216186,9.487740662122417e-05,-0.6858376507829175,-0.23026119186371583,-0.4600049832600133,0.11610156859042273,9.316773257963093e-05,-0.6884941157313395,-0.2315158507886872
shifted,204,-0.10404515881030041,-0.37324011293506343,0.1091782640759445,0.0007173569672937716,-0.5881011379656614,-0.15837908790446542,-0.3658371839541137,0.10903877832935713,0.0008967761811791376,-0.5804266694252276,-0.15124769848299985
shifted,205,-0.022045501235483052,-0.2553716293906351,0.1172595180798198,0.030205148214190312,-0.4861364291652377,-0.024606829616032527,-0.2569613851834451,0.11832341031062996,0.030673222874047033,-0.48982312599505706,-0.024099644371833123
shifted,206,0.06928765277802731,-0.20245910309850265,0.11237449078494317,0.07261508732077483,-0.4236102496357765,0.018692043438771178,-0.19982796213254825,0.11268785659097705,0.07720931606028086,-0.42159887276819935,0.021942948503102855
shifted,207,-0.07572881996825323,-0.39777512379500995,0.11511310644837416,0.0006293233891098967,-0.6243158208402524,-0.17123442674976755,-0.3958298802051324,0.11500396651670262,0.0006609102098296377,-0.6221589200207963,-0.16950084038946847
shifted,208,-0.1504546812985008,-0.45095093398766045,0.11878901436845418,0.00017810018955182844,-0.6847257572604191,-0.2171761107149018,-0.45103879587526374,0.11761013926292928,0.00015343053035317788,-0.68249681161335,-0.21958078013717752
shifted,209,-0.0019675302734435537,-0.4594475753422415,0.12204316632533722,0.00020102316987732194,-0.6996265160552158,-0.2192686346292673,-0.4596588153116165,0.12248798889319076,0.00021052063163292954,-0.7007164914494328,-0.2186011391738002
shifted,210,-0.016847176856296355,-0.28876940030314846,0.11787749248516582,0.014873164770751656,-0.520750363526576,-0.056788437079720894,-0.287622608328063,0.117462935163138,0.014920400686898372,-0.5187909248186207,-0.05645429183750536
shifted,211,-0.018989191526170863,-0.22817216366771007,0.12342706167173503,0.06550365528849796,-0.47107458762323956,0.01473026028781943,-0.22265458928671772,0.12442218308011145,0.0745551295361402,-0.46751878033355865,0.02220960176012321
shifted,212,0.01847592864432062,-0.21649430425912217,0.11215058738404994,0.054510490958721056,-0.4372048125921625,0.0042162040739181506,-0.22075697050139653,0.11272402217960513,0.05112386143526011,-0.44259905540343586,0.0010851144006427949
shifted,213,-0.012956691792981385,-0.28854879178529724,0.10978937785632997,0.009029981147651087,-0.5046124786678241,-0.07248510490277044,-0.28816969135236536,0.1101517000343445,0.009349879125271587,-0.5049494186778175,-0.0713899640269132
shifted,214,0.03463174482920038,-0.4109595034212813,0.11324051010892866,0.00033478370675400196,-0.6338149617208158,-0.18810404512174686,-0.408618939403696,0.1133418589318497,0.00036590348653836824,-0.6316769336620273,-0.18556094514536473
shifted,215,-0.012534686879496344,-0.48930260492757194,0.11231801718516893,1.8230416623347068e-05,-0.7103426123508714,-0.2682625975042725,-0.48913479671471766,0.11245297346347143,1.8782921170184267e-05,-0.7104434548357172,-0.26782613859371807
shifted,216,0.028445145440925187,-0.38435849713506665,0.10754500763143371,0.00041023446895830816,-0.5960053003901534,-0.1727116938799799,-0.38484526094354876,0.10758357553912817,0.0004055947354209861,-0.5965708917127315,-0.1731196301743661
shifted,217,0.0988177520259528,-0.48591094187751693,0.11691000825278532,4.235434268964411e-05,-0.7159879120705587,-0.2558339716844752,-0.4806662179345864,0.11683921663416191,5.046741018015143e-05,-0.7106070496691475,-0.2507253862000254
shifted,218,0.010567847166969204,-0.30637844196370456,0.11622077009500385,0.008825338873865178,-0.535099002817172,-0.07765788111023714,-0.3075115569576823,0.11636688488496864,0.00866490386648023,-0.5365228347428685,-0.078500279172496
shifted,219,0.03041570891288066,-0.33764126282452633,0.11481026521786557,0.0035303766832829606,-0.5635859733173232,-0.11169655233172943,-0.34085839135197776,0.11520210454870532,0.0033378529563140432,-0.5675773689401586,-0.11413941376379691
shifted,220,-0.0877310207365727,-0.23997069919580472,0.11515907482838772,0.038031273720296334,-0.466601861255602,-0.013339537136007412,-0.23157415710369939,0.1145726374914876,0.044158972945455205,-0.45705433677063645,-0.006093977436762293
shifted,221,-0.03844668687426375,-0.4080329950083009,0.12094967548581734,0.000840476516506157,-0.6460599637639506,-0.1700060262526513,-0.4016319098010707,0.12103916845192997,0.0010191724110409932,-0.6398382917681922,-0.16342552783394929
shifted,222,0.014618751125739727,-0.5005709827844116,0.1073897927251974,4.753255688075622e-06,-0.7119123256611325,-0.2892296399076907,-0.5010111868638059,0.10756161310980178,4.832373300515341e-06,-0.7126935953364711,-0.2893287783911406
shifted,223,0.005654408132750136,-0.3360085515399441,0.11476043210204186,0.003676419441183486,-0.5618551912817817,-0.11016191179810639,-0.33671897859231104,0.11618717100535354,0.0040351337039326056,-0.5653765775345252,-0.10806137965009688
shifted,224,-0.054293546514007904,-0.6012871700772898,0.11230295101511806,1.7234541108418688e-07,-0.8222975275261386,-0.38027681262844104,-0.6039602880226678,0.11248520546073618,1.6006398852107707e-07,-0.8253323790600547,-0.3825881969852808
shifted,225,0.06336670499974935,-0.4848574223744056,0.11749133793377368,4.7836277221052504e-05,-0.7160784398024445,-0.2536364049463667,-0.4870775170075561,0.11714701144191371,4.212091106000024e-05,-0.7176240922256568,-0.25653094178945535
shifted,226,0.07588192658874233,-0.12419654987122596,0.11655904684469631,0.2875039715235303,-0.35358283379510586,0.10518973405265393,-0.12058818523924414,0.11654962721206552,0.3016764912719629,-0.3499591018845345,0.10878273140604625
shifted,227,0.11142361700612285,-0.4331258078761405,0.11998378814741911,0.0003594517779494179,-0.6692519262624532,-0.19699968948982777,-0.41060137574797884,0.11846406367122603,0.0006063932180336124,-0.6437399238821098,-0.17746282761384788
shifted,228,0.016534220739619375,-0.16387267669431058,0.11289443007123375,0.1476803434690097,-0.38604705518119997,0.05830170179257879,-0.15955038836039873,0.11402740700382132,0.1627915242818299,-0.3839575485786213,0.06485677185782385
shifted,229,-0.09515830272424369,-0.2213843337542042,0.11697414280703373,0.05938439740028253,-0.45158751969341415,0.008818852185005804,-0.2193632164770006,0.11667573199920339,0.06107500678799264,-0.4489823086961737,0.010255875742172516
shifted,230,0.0337487119849245,-0.351169539088065,0.1106280839363455,0.0016594833314763561,-0.5688837857186949,-0.133455292457435,-0.34497198101168836,0.11122780181839645,0.0021111282640444884,-0.5638694881920904,-0.12607447383128634
shifted,231,0.14330489376854363,-0.5091414960175514,0.1179613409928997,2.165186684958321e-05,-0.7412874717228266,-0.27699552031227626,-0.5026100780153744,0.11676193895141244,2.277019591931431e-05,-0.7323988264412843,-0.2728213295894645
shifted,232,-0.03587347971139137,-0.24753913258731908,0.1116195132160879,0.02733157170969861,-0.46720449570705735,-0.027873769467580772,-0.24438193693267485,0.11291740225661104,0.03124432483351025,-0.4666045959007562,-0.022159277964593466
shifted,233,-0.1338046764135225,-0.29063295089170965,0.1206392729898407,0.016600116126010034,-0.5280490526490417,-0.0532168491343776,-0.3014739456904462,0.1199636675229407,0.012500709597442707,-0.5375637302918268,-0.06538416108906558
shifted,234,-0.014871308727536012,-0.560907400559622,0.11369637927047539,1.3481482221438396e-06,-0.7846600018588072,-0.3371547992604366,-0.5627031532021307,0.11428193106957485,1.4128312801454737e-06,-0.7876112195121758,-0.3377950868920856
shifted,235,0.04440140815704439,-0.262510192440992,0.11848959893760212,0.02748610276117323,-0.4956957710785905,-0.029324613803393518,-0.27680885156378265,0.12197524461209765,0.023964288869851965,-0.5168574414559178,-0.036760261671647476
shifted,236,0.10600365182308606,-0.43703324614608624,0.10575686832111979,4.673131333301666e-05,-0.6451610206973981,-0.2289054715947743,-0.41891476834561564,0.10616960292284863,9.94281146819951e-05,-0.6278576858374983,-0.20997185085373296
shifted,237,0.004771129479437944,-0.28795408452714666,0.11753017849919217,0.014860942290492857,-0.5192515395480455,-0.05665662950624789,-0.2880180791037263,0.11776923724232731,0.01504299891968117,-0.5197892013719994,-0.05624695683545322
shifted,238,-0.04902451917284653,-0.2756650386351216,0.11486235735101062,0.017012463631043154,-0.5017122655877497,-0.04961781168249352,-0.27976230245559097,0.1151853851009002,0.01574423393100846,-0.5064483759911327,-0.05307622892004929
shifted,239,-0.05655783689561523,-0.25286802689864146,0.11696320160871095,0.03142087491762545,-0.48304968073980437,-0.022686373057478587,-0.2430016532572757,0.11662672022120141,0.038055678871274735,-0.47252428977156463,-0.013479016742986794
shifted,240,-0.04310409658747548,-0.46120570511925946,0.11097045630260842,4.238398651056286e-05,-0.6795937349262389,-0.2428176753122801,-0.4622853018331399,0.1110631521221401,4.133866814181077e-05,-0.6808587766450216,-0.24371182702125824
shifted,241,0.04793392888691996,-0.3594328956260857,0.12103254021936738,0.003223827170491591,-0.5976229408121965,-0.12124285043997493,-0.36386826701954034,0.12061453263419689,0.002776519722569962,-0.6012389611420611,-0.12649757289701954
shifted,242,-0.04880034186441384,-0.4384853934271004,0.11690945475323115,0.00021203709555842312,-0.6685612743421383,-0.20840951251206255,-0.4394428821330815,0.11712522357909103,0.00021114548253200013,-0.6699465786034169,-0.2089391856627462
shifted,243,-0.02868533193620573,-0.44210364806885954,0.11753783541795866,0.0002035391489369322,-0.6734161717797459,-0.21079112435797318,-0.43897241793224584,0.11793305222891137,0.000236329412167552,-0.6710659298514499,-0.20687890601304187
shifted,244,-0.042976637667985304,-0.3621095515548128,0.11206419883277671,0.0013708914738087869,-0.5826500486421663,-0.1415690544674593,-0.36347717525861883,0.11199962580289516,0.0013075873706772847,-0.5838936403202947,-0.14306071019694303
shifted,245,0.07006234509887163,-0.30034572988798763,0.11738955632292981,0.011007223080552849,-0.5313664427826996,-0.0693250169932757,-0.2921430598042356,0.11736775739627606,0.013355034647934175,-0.5231240654285847,-0.06116205417988649
shifted,246,0.0385188205488431,-0.2768853527927798,0.11475455203523996,0.016434027198033475,-0.5027204206600233,-0.05105028492553634,-0.2751878693252113,0.11479090296889063,0.017136288070141184,-0.5010975977931313,-0.04927814085729121
shifted,247,0.09019717846858316,-0.4957025711388843,0.12192999146122396,6.144480925834254e-05,-0.7356587855837969,-0.2557463566939716,-0.4860552268351933,0.12193627695646435,8.464901037871549e-05,-0.7260271279630147,-0.24608332570737193
shifted,248,0.07400844919485942,-0.4183042860347004,0.11057257691196162,0.00018732823070157035,-0.6359092957558002,-0.20069927631360052,-0.4024586008881904,0.10905299831951666,0.0002663627673786323,-0.6170760714524839,-0.18784113032389696
shifted,249,0.10101035032702066,-0.3740028174371374,0.11356841193322564,0.001110304683635621,-0.597503581124829,-0.15050205374944584,-0.37144686214388095,0.11320308721420522,0.0011571289318116225,-0.5942317521732073,-0.14866197211455456
shifted,250,-0.02407344986909399,-0.17429145548321798,0.11802761193391931,0.14081538918542139,-0.40656785130863093,0.05798494034219495,-0.17410157435655416,0.11820246955406312,0.14183790101579377,-0.4067253024618446,0.05852215374873626
shifted,251,-0.016992849098127483,-0.26746428490620766,0.12123140287022267,0.028133255345610068,-0.5060456885130142,-0.028882881299401086,-0.26976280111551726,0.12123714653465192,0.026829151720923948,-0.5083588060732552,-0.03116679615777926
shifted,252,-0.028125982163619504,-0.480745501071896,0.11652916123031905,4.8075158361432294e-05,-0.7100729705990357,-0.2514180315447563,-0.4864396284828762,0.11730100932695206,4.405947069327495e-05,-0.7172892731907524,-0.255589983775
shifted,253,0.10075547721467684,-0.3753599642576885,0.1193046669427022,0.0018216957702026618,-0.6101495833013849,-0.14057034521399212,-0.36912573098187573,0.11943461906072,0.0021874902420515882,-0.6041743425342122,-0.13407711942953923
shifted,254,-0.08536347799535426,-0.5055729968783012,0.12688132840728533,8.510347165649511e-05,-0.7552733608616475,-0.2558726328949547,-0.5178105409838977,0.12694898849466874,5.822986514835968e-05,-0.7676475121930186,-0.2679735697747767
shifted,255,-0.006368116099749349,-0.38759659475682734,0.11510383189220826,0.0008589200930032506,-0.61411903962833,-0.16107414988532462,-0.3888030846428489,0.11574439398475075,0.0008842402226878961,-0.6165892936586042,-0.16101687562709363
shifted,256,-0.06074470831430616,-0.24715399383702347,0.12362016557470934,0.046486546697877794,-0.4904364430922922,-0.00387154458175476,-0.24828609065281024,0.12360595097308716,0.04547790228922095,-0.49154392815685666,-0.005028253148763789
shifted,257,0.020399134336944562,-0.29152647341082577,0.12208057229456155,0.017565936445881915,-0.5317790284549841,-0.05127391836666734,-0.2939661239899091,0.12273152919335738,0.017232844478324943,-0.535503090051044,-0.0524291579287742
shifted,258,0.042808899378941334,-0.28792341883481465,0.10798727403170265,0.008089899011414048,-0.5004405950794579,-0.07540624259017131,-0.28540966377658766,0.10814167890676724,0.008749825521269051,-0.49823364796036573,-0.07258567959280957
shifted,259,-0.02629475765224949,-0.34318039012745644,0.1122452812313146,0.0024357317393311436,-0.5640772543918681,-0.12228352586304483,-0.34704581659379136,0.11337462565900856,0.0024079254166250717,-0.5701682961226779,-0.12392333706490477
shifted,260,-0.02290411214112737,-0.5133523595047744,0.12288851706765752,3.881007528013792e-05,-0.7551949365517993,-0.2715097824577496,-0.5158747587653387,0.12265923713544334,3.4519729068992535e-05,-0.7572694532809822,-0.2744800642496953
shifted,261,0.020483832729879168,-0.3704523698724061,0.11372385852102512,0.0012543765399301052,-0.5942590498839629,-0.14664568986084922,-0.3696521271905306,0.11365802866052548,0.0012770013545640258,-0.5933323468666223,-0.14597190751443886
shifted,262,0.09800181676418537,-0.4110568569120602,0.11811480463369887,0.0005762767164190786,-0.6435048465341724,-0.17860886728994801,-0.41175608562722943,0.11781022896575373,0.0005464416114154716,-0.6436078800469465,-0.1799042912075124
shifted,263,0.12645924951374365,-0.42796662858510254,0.11224204096461637,0.00016703563371119246,-0.6488571160580342,-0.20707614111217085,-0.4164231001158534,0.11128082812981484,0.00021917602145309477,-0.6354249636459692,-0.19742123658573757
shifted,264,-0.042189514859733636,-0.3161950411894665,0.11044932272254082,0.004497798904633685,-0.5335574886963527,-0.09883259368258035,-0.3146741288602055,0.11036323094380324,0.0046608891089133745,-0.5318701512846808,-0.09747810643573018
shifted,265,0.010193062508091006,-0.5428125442741639,0.12499713455580343,1.9341427374293032e-05,-0.7888048457991794,-0.2968202427491484,-0.5432843689052358,0.12469777101158974,1.8217706659992595e-05,-0.7886909199576093,-0.29787781785286227
shifted,266,0.052379291920086814,-0.5892827346204531,0.11537593397551843,5.846775751617918e-07,-0.8163406719091307,-0.3622247973317755,-0.5835212394928158,0.11508678050202302,7.01618300334962e-07,-0.8100132581199814,-0.35702922086565014
shifted,267,0.09127739618444626,-0.34813917718382914,0.11623104492761191,0.002973324729308929,-0.5768799587385952,-0.11939839562906307,-0.35037877072549245,0.11621007499076716,0.0027920127600314796,-0.5790814449567042,-0.12167609649428066
shifted,268,0.10577746083349758,-0.4609986946464972,0.11772002758601269,0.00011171190056916734,-0.6926697695425663,-0.22932761975042798,-0.4477324745989473,0.11758044390941738,0.00017040108298146372,-0.6791320495627637,-0.2163328996351309
shifted,269,0.024806423324628086,-0.2571483471086982,0.10959223031508071,0.019612385230715016,-0.4728240508779781,-0.04147264333941833,-0.2535409113876254,0.10922480717989695,0.02095097086036523,-0.4684965036322354,-0.03858531914301541
shifted,270,-0.004216128415675827,-0.17035882285693368,0.11596254773654203,0.14286817014773195,-0.39857120636306453,0.05785356064919717,-0.16988062897887735,0.11731585729019156,0.148658100584245,-0.4007594946376912,0.06099823667993651
shifted,271,0.04919033685297663,-0.36148133433505725,0.12343751910416867,0.003670186499249335,-0.6044043383453339,-0.11855833032478064,-0.36612638082224147,0.12421848360852741,0.003459143184930636,-0.6105896891238087,-0.12166307252067418
shifted,272,0.013836033560406375,-0.4210701377492,0.11899840312408554,0.0004669171217782825,-0.6552570346434401,-0.18688324085495986,-0.41888066138047303,0.11883813780160395,0.0004908594164333171,-0.6527553914160866,-0.1850059313448594
shifted,273,0.05726047800214798,-0.20085253016918098,0.11317718856634121,0.07697612223042166,-0.4235833727161019,0.02187831237773996,-0.20874998565043834,0.11217010628652681,0.0637337095473798,-0.42950195813273917,0.01200198683186246
shifted,274,0.022317859611679522,-0.4768198474375295,0.11862170816507787,7.394287198056392e-05,-0.7102654148583504,-0.24337428001670858,-0.4791071620380951,0.11886997911443611,7.083694089355371e-05,-0.7130445561189417,-0.2451697679572485
shifted,275,-0.04334470088291215,-0.23623041748061238,0.11237140062611332,0.036374960675763984,-0.4573754826362183,-0.01508535232500649,-0.23810649834654415,0.11248280468245289,0.035108798267676274,-0.4594738646265151,-0.01673913206657318
shifted,276,0.06052196174445603,-0.5048073663099139,0.11795702636621504,2.5289822279992002e-05,-0.7369448509009555,-0.27266988171887224,-0.5088165743067566,0.11777696789772654,2.1307666844823234e-05,-0.7406029105877864,-0.2770302380257269
shifted,277,-0.07372347277257164,-0.21885055740968148,0.11336906943346506,0.054505984053725656,-0.441959018341937,0.004257903522574047,-0.20900581166714516,0.11339149920531998,0.06629611629581883,-0.43216149851618446,0.014149875181894117
shifted,278,0.06635712879689896,-0.0652203338441622,0.12086269287878593,0.5898611275246513,-0.3030761222621797,0.17263545457385535,-0.07034198815575578,0.12056462669269467,0.560042740663266,-0.30761446685003174,0.16693049053852016
shifted,279,-0.039188639197484644,-0.28561234667925706,0.12118004566205516,0.01907592331043617,-0.5240926801464807,-0.04713201321203345,-0.2851974560435045,0.12124627017086385,0.01931678045196987,-0.5238114164151818,-0.04658349567182715
shifted,280,0.002496946423183361,-0.2880342820169633,0.11072097544551768,0.009748319670918593,-0.5059313376072914,-0.0701372264266352,-0.2884408176450811,0.11006357920415051,0.009228655057809962,-0.5050471222313909,-0.07183451305877134
shifted,281,0.028416504617423972,-0.3075470121552007,0.11385256336165507,0.007304238085914476,-0.5316069811727534,-0.08348704313764796,-0.3053381717691814,0.1141375162527396,0.007884506117781152,-0.5299620281704776,-0.08071431536788518
shifted,282,0.04960762734788713,-0.11181213550716901,0.11726216522734154,0.3411006973556462,-0.3425821448244836,0.11895787381014561,-0.11070542494006727,0.11712179400935104,0.34531939771021847,-0.3412023719803634,0.11979152210022889
shifted,283,-0.07001954507108035,-0.3267055481960749,0.11337620569311219,0.00424494446480901,-0.5498280531697488,-0.10358304322240103,-0.3261917363541511,0.11327857999012164,0.0042729005391054595,-0.5491251969763336,-0.10325827573196869
shifted,284,0.012950506574089115,-0.30085860945568565,0.10942049135124352,0.006333253814287256,-0.5161963337734689,-0.08552088513790249,-0.3029967513383038,0.11148534761639203,0.006958765975181459,-0.5224011114119965,-0.08359239126461104
shifted,285,-0.007331944415120116,-0.3167353036609532,0.11004595763113806,0.004289647496295242,-0.5333039353132469,-0.10016667200865942,-0.31808569763536676,0.1106318417607122,0.0043309736618731215,-0.5358103490290549,-0.10036104624167863
shifted,286,-0.04008491414833918,-0.4818165530797415,0.11687659547245115,4.869120359245394e-05,-0.7118277674715486,-0.2518053386879344,-0.479818238814297,0.11679970663802014,5.169534128820577e-05,-0.7096813144526056,-0.24995516317598843
shifted,287,-0.06287806090539426,-0.23795927257351832,0.12040060871372292,0.049034940171660144,-0.4749056869673548,-0.0010128581796818303,-0.23942475238004832,0.12031150580705062,0.0475061951481523,-0.47619908645600983,-0.002650418304086799
shifted,288,0.144188034515005,-0.29403904158055844,0.11486585118070523,0.010966775937695402,-0.520093144332466,-0.06798493882865089,-0.2810876569199185,0.1139500594030857,0.01420033801864061,-0.5053425962301431,-0.056832717609693884
shifted,289,0.021270585506692762,-0.2799054905629553,0.11468535070531206,0.015245576151568631,-0.5056043713529665,-0.054206609772944,-0.2777979075148594,0.11512940709855851,0.016432982416691354,-0.5043738157412858,-0.05122199928843299
shifted,290,-0.04086614255119599,-0.395264164292167,0.12045071519547558,0.001155514522240372,-0.6323091874166072,-0.1582191411677267,-0.39956775926176546,0.12032455972253828,0.0010102343006264734,-0.6363677835834433,-0.1627677349400877
shifted,291,-0.03778844442026865,-0.29783760038856844,0.11902782816462212,0.012878136360286369,-0.5320824052778181,-0.06359279549931879,-0.2978882130724441,0.11913033069685246,0.012941640009942934,-0.5323379818604207,-0.06343844428446754
shifted,292,-0.05995963593496611,-0.38239264000500434,0.11245382591407181,0.0007648828350061575,-0.6036999167693868,-0.16108536324062178,-0.38306940253038,0.11240184737655844,0.0007450129902821563,-0.6042774439638772,-0.16186136109688287
shifted,293,-0.09104480340563548,-0.5811287843264421,0.11728100886994691,1.216732211572478e-06,-0.8119358776219622,-0.35032169103092203,-0.5580714667367682,0.11939409382492518,4.488484723763163e-06,-0.793040324190324,-0.32310260928321244
shifted,294,-0.03714422044489615,-0.330133258150913,0.10861867248761313,0.002581651977348121,-0.543893016154736,-0.11637350014709005,-0.3266948174422335,0.10893207221291155,0.002938042037989412,-0.5410743041314873,-0.11231533075297973
shifted,295,0.11414708322596126,-0.3182224429109394,0.10964659777427058,0.00398219045671435,-0.5340051409442215,-0.10243974487765728,-0.3391116703246334,0.1107643890984,0.002403993821978407,-0.5570971763007992,-0.12112616434846751
shifted,296,-0.020048966189372627,-0.30387890100101483,0.11958752418658532,0.011560448077180737,-0.5392251784407065,-0.0685326235613232,-0.3059245437085018,0.12037205059736944,0.011548184428893642,-0.5428180305813081,-0.06903105683569558
shifted,297,0.03340234790687946,-0.5452754750176968,0.11375528862818969,2.595763685850797e-06,-0.7691440089623544,-0.32140694107303924,-0.5414558749009091,0.11423152385225495,3.3249005003956896e-06,-0.7662647392665227,-0.3166470105352954
shifted,298,-0.028942902878375035,-0.4199960288408724,0.11869166086417954,0.00046675587194025157,-0.653579262021081,-0.18641279566066385,-0.41906186734226986,0.11845509730684936,0.00046837608172044866,-0.6521827695751204,-0.1859409651094193
shifted,299,0.18090711079020438,-0.5422566073232493,0.12737916599781018,2.7816951274463592e-05,-0.7929367074830616,-0.29157650716343714,-0.5666058636190575,0.12515949980359073,8.676199697450868e-06,-0.8129211018873076,-0.32029062535080743
shifted,300,-0.010218415821488764,-0.12917865880368268,0.12302864544509753,0.2945770312476685,-0.3712970061889471,0.11293968858158177,-0.12720496032515555,0.12392442217411016,0.3055072054022689,-0.371089552569231,0.11667963191891989
shifted,301,0.013296553487586248,-0.29135341185131003,0.11631886851543288,0.01278831773508339,-0.5202670287800472,-0.06243979492257287,-0.2910106466430544,0.11648166701142054,0.013019995109187783,-0.520247816884429,-0.06177347640167982
shifted,302,-0.017026401189992078,-0.3388899972029045,0.12377020977353641,0.006553371411497751,-0.5824677309695432,-0.09531226343626592,-0.34091898840269774,0.1242518370254617,0.006444426890760362,-0.5854479365865921,-0.09639004021880332
shifted,303,0.01990167185769051,-0.27949086823048935,0.11594603799006027,0.016536987228985185,-0.5076707608275359,-0.05131097563344275,-0.27959382438343944,0.11606231688225253,0.01660708398725016,-0.5080057090720119,-0.051181939694866924
shifted,304,-0.06374915135238883,-0.4683123217589645,0.11290594767099525,4.386259345620434e-05,-0.6905093666924363,-0.24611527682549258,-0.46083170671955576,0.11310258305068599,5.9288762176219604e-05,-0.6834188034769129,-0.23824460996219865
shifted,305,-0.026153022909341975,-0.3582724407541268,0.11727597024134098,0.002455200888380093,-0.5890696181115599,-0.12747526339669366,-0.35984501547043374,0.11729316457398575,0.0023550316290672346,-0.5906792216203173,-0.12901080932055017
shifted,306,-0.02232392083501464,-0.2581887923118876,0.12081928303902847,0.0334161356586976,-0.4959591508804233,-0.02041843374335195,-0.2608141762257242,0.12087435350169731,0.03175315873655964,-0.4986962006027272,-0.02293215184872127
shifted,307,-0.05498239340291818,-0.184708425094159,0.11763988039530879,0.11745252322506061,-0.41622177163931773,0.046804921450999765,-0.18754243374740365,0.11777489460191522,0.11236655989605854,-0.41932468976003534,0.044239822265228046
shifted,308,0.005408293668689516,-0.24696583047990608,0.11712304709931001,0.035816212265862186,-0.4774620576131735,-0.016469603346638634,-0.2468766034747084,0.1173083238098825,0.036176905558597795,-0.4777406431634582,-0.016012563785958583
shifted,309,-0.006790796260376602,-0.055508108171291655,0.13129214095006367,0.6727594033375459,-0.31388887857234726,0.20287266222976397,-0.055672345696333524,0.13150528108187048,0.6723496537647711,-0.3144761495949237,0.20313145820225667
shifted,310,-0.07052312822558109,-0.5292240115115342,0.11574653984608162,7.089755491630067e-06,-0.7570112950478878,-0.3014367279751806,-0.5346985233492073,0.1155943121639956,5.5891915812298115e-06,-0.7621893697317061,-0.3072076769667084
shifted,311,0.01812188508937645,-0.17677150722253945,0.10786696180163503,0.10231544701897885,-0.3890519109805085,0.035508896535429574,-0.17658980026901466,0.10798978538345165,0.10306054000774022,-0.3891148563694623,0.035935255831433005
shifted,312,-0.008071382127252679,-0.34907379467516736,0.10419162739621803,0.0009115297519651486,-0.5541212008730285,-0.14402638847730623,-0.3497551650628344,0.10439116876131295,0.0009115050683698606,-0.5551981050465735,-0.1443122250790952
shifted,313,-0.07678600348667974,-0.35648455673751694,0.11617164816834798,0.002349076219087991,-0.5851084464485908,-0.12786066702644303,-0.3653060662207201,0.11603593716057428,0.0018103535068555825,-0.59366603533404,-0.13694609710740016
shifted,314,0.0994098094413888,-0.3314372782628059,0.11269450576120058,0.003528591915008054,-0.5532182090012279,-0.10965634752438394,-0.3383051304040731,0.11280912383070059,0.002939471455806069,-0.5603146962684005,-0.11629556453974571
shifted,315,0.05848914196600183,-0.3040765148285098,0.10800167866574416,0.005196205688090004,-0.5166220391556359,-0.09153099050138369,-0.3098006231903531,0.10756615945674583,0.004265788206582393,-0.5214919789225755,-0.09810926745813078
shifted,316,0.013062620153480727,-0.40626661355970123,0.11247424891152627,0.0003565220784672216,-0.627614082446613,-0.1849191446727895,-0.40674126124609933,0.11264531321532008,0.00035838882381295173,-0.6284284460620713,-0.18505407643012733
shifted,317,-0.029096236436492794,-0.3380243475051111,0.11589670895842165,0.003808494236827034,-0.5661071613805702,-0.10994153362965206,-0.33571352947504246,0.11644065882616823,0.004226016252640338,-0.5648699951679232,-0.10655706378216173
shifted,318,0.02581536744204217,-0.6140762670575299,0.12475810630635889,1.4217750104732742e-06,-0.8595981649255391,-0.3685543691895207,-0.6126289877016986,0.12507376169405487,1.5946481082833685e-06,-0.8587754924506223,-0.36648248295277486
shifted,319,0.005683129485169378,-0.16877848646702395,0.12263601730468186,0.16977931776672528,-0.41012414814035136,0.07256717520630349,-0.16980565493560748,0.12477064859876807,0.17456716028691238,-0.4153556298613459,0.07574431999013095
shifted,320,0.03349180684217121,-0.24961853600410602,0.11927196991171954,0.03721075215220869,-0.4843438078294999,-0.014893264178712173,-0.24964046937855072,0.11940411337729767,0.03740596872380682,-0.4846290454186608,-0.014651893338440608
shifted,321,0.06931414846236376,-0.33803819434927523,0.1212950248065069,0.005664113188542243,-0.5767448048785417,-0.09933158382000878,-0.3354809037272223,0.12164055931369026,0.00617793614142008,-0.5748708293617385,-0.09609097809270609
shifted,322,0.11162046388742132,-0.20040300052971,0.11813729672198867,0.09086613081033039,-0.43289525421102776,0.032089253151607766,-0.19589976879481014,0.11772470663174629,0.09716071956839227,-0.42758325434375544,0.035783716754135164
shifted,323,0.09187743736126444,-0.3646293778678144,0.11178868328887714,0.0012361546988196425,-0.5846276649037886,-0.14463109083184023,-0.33574517915384555,0.11311153684787459,0.0032395175994687168,-0.5583498970801222,-0.11314046122756899
shifted,324,0.07284348805395424,-0.2925090093310459,0.11715812536724377,0.013077088671173513,-0.5230742699177057,-0.0619437487443861,-0.2833406604884042,0.11690005913818557,0.015958910271633688,-0.5134012309235748,-0.05328009005323353
shifted,325,-0.03345485649516322,-0.28213376189142586,0.11786702881863516,0.017301604386584513,-0.5140941327915061,-0.050173390991345684,-0.2787969916151769,0.11844231582821627,0.019233031645310626,-0.5118927397609636,-0.045701243469390224
shifted,326,-0.05712035930572578,-0.3671926587418466,0.11721777967668408,0.001905761556865082,-0.5978753180267026,-0.13650999945699058,-0.35109016302919854,0.11832121276586982,0.0032497983880776684,-0.5839475790491483,-0.11823274700924882
shifted,327,-0.0031652817602136015,-0.39037114563303726,0.11121154358617405,0.0005172811312852617,-0.6092336312422514,-0.17150866002382312,-0.3903595883653139,0.11136596312123329,0.0005268907383069746,-0.6095289984718311,-0.17119017825879676
shifted,328,-0.058291410603591234,-0.2601436828320306,0.11162705228530065,0.020450797135647198,-0.47982388271577625,-0.040463482948284946,-0.2702949238741654,0.11223197061206319,0.01663556461527993,-0.49116864601277443,-0.04942120173555639
shifted,329,-0.0018878277467368257,-0.2651192845052616,0.11239769633890194,0.018983624471896655,-0.4863160991904235,-0.04392246982009973,-0.26516755593427555,0.11236397382107448,0.018928811967426316,-0.4863010618042898,-0.04403405006426128
shifted,330,-0.011923610165272056,-0.270311238845136,0.10902204771451758,0.013714414085527175,-0.4848648326500517,-0.05575764504022035,-0.2707439978644712,0.10948801328522768,0.013966839251095098,-0.4862175825479287,-0.05527041318101367
shifted,331,-0.007458443024414554,-0.2667356774634006,0.12271253050942589,0.030520232737095348,-0.508231915863138,-0.025239439063663216,-0.2664034345774912,0.12290766488249755,0.03099312690032961,-0.5082870375643584,-0.02451983159062404
shifted,332,0.03729754457995082,-0.4406716568290558,0.11926181268744965,0.00026173785194995503,-0.6753769394044229,-0.20596637425368863,-0.4359507981300023,0.11885779071420126,0.0002899639404777841,-0.669864205308435,-0.20203739095156958
shifted,333,-0.08074606781663946,-0.375978234049231,0.11855630444124866,0.0016762569471546057,-0.6092950880190577,-0.1426613800794042,-0.3702783101644206,0.11864854897368292,0.0019816454488183685,-0.603779927352862,-0.13677669297597916
shifted,334,0.006252005148747976,-0.45052612324336605,0.11708153532912621,0.00014582302850677713,-0.6809406558968026,-0.2201115905899295,-0.45147362734034235,0.11681620790655824,0.00013665646002207268,-0.6813691776521521,-0.2215780770285326
shifted,335,0.006717160572302082,-0.34225276573003444,0.11787859056827334,0.003967646283215148,-0.5742358899629271,-0.1102696414971418,-0.3412606388018298,0.1178769353017037,0.004072999910028119,-0.5732437120062919,-0.10927756559736765
shifted,336,0.02560525315603993,-0.2862798356797612,0.11997214244207442,0.017648832126543362,-0.5223830355098142,-0.05017663584970816,-0.28829634964514395,0.11998758035767551,0.016889262862080447,-0.5244331949618088,-0.05215950432847907
shifted,337,0.11591233067484291,-0.13728328713747373,0.11947155666942563,0.2514443935516843,-0.37240134241391637,0.09783476813896891,-0.14942632733111622,0.11838709060884511,0.2078760516454539,-0.3824133916527492,0.08356073699051675
shifted,338,0.05174141405121756,-0.5443250467103937,0.11804189088729028,5.954085664427661e-06,-0.7766295432808004,-0.3120205501399871,-0.5439250883208863,0.11804799832046539,6.059525125802424e-06,-0.7762448153813585,-0.31160536126041405
shifted,339,-0.01891636642563277,-0.3980923951235419,0.11466843534331458,0.0005940149944949158,-0.6237579867598163,-0.17242680348726744,-0.39805318924776023,0.11482737735871343,0.0006053238544837115,-0.6240346997061323,-0.17207167878938806
shifted,340,0.0070284736216964004,-0.3110443358857087,0.12009643286331223,0.010072096073815392,-0.5473921372171198,-0.07469653455429764,-0.3109773846474411,0.12028207279626892,0.010204709525972305,-0.5476937942424401,-0.07426097505244209
shifted,341,0.12356139253355279,-0.353862871955339,0.12377104227929096,0.0045504725289315755,-0.5974422440795873,-0.11028349983109065,-0.31811155745156733,0.12695035036036478,0.012754335899264066,-0.5679512088269876,-0.06827190607614711
shifted,342,0.05321766185919733,-0.23732798063811436,0.11143337559681082,0.03401223926462715,-0.4566270279896627,-0.018028933286566046,-0.2285494414561499,0.11086071901868999,0.04011961763046723,-0.44672452574883054,-0.010374357163469239
shifted,343,0.05847721176328364,-0.5725645814217332,0.11482395394172126,1.0475584404033752e-06,-0.7985362310975614,-0.34659293174590483,-0.5698545856386804,0.11501306125783939,1.2206007756375356e-06,-0.7962015240024658,-0.343507647274895
shifted,344,-0.05355166174290464,-0.4182301848459482,0.11221374550780773,0.00023187773272794127,-0.6390649873260374,-0.1973953823658589,-0.42859588368006113,0.11251022974476005,0.0001694107305032846,-0.6500172227768564,-0.20717454458326595
shifted,345,0.0660313074705389,-0.3137733443537138,0.11314153743737862,0.0059004766052648,-0.5364340260661753,-0.09111266264125228,-0.3137817814925737,0.1130280653646319,0.005851360162569656,-0.5362222266443841,-0.09134133634076322
shifted,346,-0.041755869698774664,-0.4284505109235226,0.11351952129311119,0.00019377068779820924,-0.6518550586369238,-0.20504596321012133,-0.4339565248454224,0.11450341057005246,0.00018260113271744322,-0.6593004651883398,-0.20861258450250492
shifted,347,-0.14521606447506055,-0.5514227599692907,0.12169516946597868,8.509604813710881e-06,-0.7909168485961647,-0.31192867134241664,-0.5277698695218588,0.12042952894283777,1.6319433821796328e-05,-0.7647764743951485,-0.29076326464856905
shifted,348,-0.0416087999422729,-0.2512600981013069,0.11180308776982767,0.025351938438080732,-0.47128673291848333,-0.031233463284130486,-0.2504240956189987,0.11208743324851407,0.026217440671195733,-0.4710133666756113,-0.02983482456238612
shifted,349,0.023741483807985783,-0.4467630705556881,0.12326049597187985,0.0003404660540514776,-0.6893376959580099,-0.20418844515336632,-0.4431242580537492,0.1239327046231078,0.00040805663775704884,-0.6870251502463024,-0.19922336586119604
shifted,350,-0.02235904225502812,-0.1270376734898278,0.11032577369926495,0.2504618551223671,-0.3441569785543308,0.09008163157467516,-0.12613181141215796,0.11065249331279368,0.2552531421523009,-0.343897105281883,0.09163348245756708
shifted,351,-0.05665076388404054,-0.13744691709718657,0.10994566104441082,0.21223435350099737,-0.3538181667191497,0.07892433252477657,-0.14890496340202172,0.11297987838009421,0.18853016593202448,-0.3712505760513337,0.0734406492472903
shifted,352,0.10574123624627678,-0.36353777486069483,0.12742582936051725,0.0046359758119930905,-0.6143097077495532,-0.11276584197183648,-0.3776418343290304,0.12751593579381032,0.0033091503577754883,-0.6285945639048174,-0.1266891047532434
shifted,353,0.00844002594108262,-0.4280160522760063,0.10939192099598463,0.00011320747177346955,-0.6432975506053258,-0.21273455394668678,-0.4274791643972605,0.11009772525506585,0.0001274254814823927,-0.6441526687780752,-0.2108056600164459
shifted,354,0.006295078493119201,-0.38411566771428,0.10995093179620066,0.0005492602481711515,-0.6004972900889319,-0.16773404533962813,-0.3844721041126404,0.11049813884419303,0.0005779956526035133,-0.6019336267323141,-0.1670105814929667
shifted,355,-0.11286186740390507,-0.32266908202521727,0.11846309696013846,0.0068358408324722935,-0.5558025052077774,-0.08953565884265716,-0.32163047064747213,0.11813823691332256,0.006863465670505871,-0.5541277882267263,-0.08913315306821801
shifted,356,-0.02500266447552438,-0.13935326776704224,0.10056339064559153,0.16687034665405356,-0.33726036381350705,0.05855382827942257,-0.13574766597726318,0.10125843992225718,0.1810763933779056,-0.3350253619992356,0.06353003004470922
shifted,357,-0.08337509995045707,-0.33795551965856113,0.12072728128666534,0.005456184265320325,-0.5755448202941404,-0.10036621902298182,-0.33211246347176243,0.12049066593955741,0.006208125018201849,-0.5692393866104466,-0.09498554033307827
shifted,358,-0.06216798787397463,-0.32127103374527316,0.11586862011816405,0.0059104380028949174,-0.5492985692458583,-0.09324349824468797,-0.3220016487920814,0.11587205016172668,0.005802434419036793,-0.5500390865335633,-0.09396421105059949
shifted,359,-0.0320736148668484,-0.3902769306140238,0.11483130109280669,0.0007695887416309815,-0.6162630393621467,-0.16429082186590088,-0.39065859919781,0.11484627314673773,0.0007621505019479729,-0.6166772967697195,-0.16463990162590048
shifted,360,0.030028473557919908,-0.5553004629005124,0.11818327482772122,4.011016737112203e-06,-0.7878832007364398,-0.32271772506458496,-0.5538134412110323,0.11800163766435748,4.115921319515824e-06,-0.7860419300029479,-0.32158495241911667
shifted,361,0.029877637790698765,-0.42257270573716077,0.1156925833809886,0.0003068224825959607,-0.6502538038391237,-0.1948916076351978,-0.4242056233348532,0.11539989603138576,0.0002812786151563906,-0.6513138566827672,-0.1970973899869392
shifted,362,0.08363577114021739,-0.4015338310266309,0.11291754386265006,0.00043803556560641086,-0.6237536970742366,-0.17931396497902527,-0.39162456437898413,0.11293701114362584,0.0006029456307666182,-0.613885813847066,-0.1693633149109023
shifted,363,0.054395378981444205,-0.2903915619085996,0.10615323751748838,0.006601507511659253,-0.49929938450833145,-0.08148373930886779,-0.28044537503482836,0.10617185519389068,0.008694309386311654,-0.48939272502028314,-0.07149802504937358
shifted,364,-0.003799548762699596,-0.23921840665308844,0.11787079333749233,0.043299116715998225,-0.4711861860642605,-0.007250627241916385,-0.23934565500767815,0.11802520208270192,0.04346388739820112,-0.4716205188276841,-0.007070791187672232
shifted,365,-0.11236378448467003,-0.4850727054098348,0.11346848223097751,2.5790053553039507e-05,-0.7083768090898064,-0.26176860172986327,-0.487787922133213,0.1128708026314852,2.117385849435101e-05,-0.709918872539147,-0.26565697172727903
shifted,366,-0.10807282893787407,-0.3029560070352346,0.1160117663227105,0.009474589439272742,-0.5312652519080873,-0.07464676216238195,-0.2914187899699998,0.11555947179599523,0.012200060993098998,-0.5188410701345222,-0.06399650980547744
shifted,367,0.08521362415352468,-0.21604083201126426,0.12129591850519583,0.07591713662371881,-0.45474920132482716,0.022667537302298646,-0.19925134750836712,0.11931906956375943,0.09599554050577519,-0.4340725564111222,0.035569861394387975
shifted,368,-0.018370880818228578,-0.3241172013271173,0.10777530171585926,0.0028607983494503084,-0.536217219546345,-0.11201718310788952,-0.3253893717894175,0.1079845079792565,0.002807672782298715,-0.5379040419017955,-0.11287470167703953
shifted,369,-0.029066167830489088,-0.4194108007767171,0.11290088746978774,0.00024285416735970498,-0.6415978873175775,-0.1972237142358567,-0.4157709884600412,0.11363283859054955,0.00029980669476602857,-0.6394016338081926,-0.1921403431118898
shifted,370,-0.016395144472134544,-0.3433919328505244,0.11516160262681095,0.003102651346802574,-0.5700280695759741,-0.1167557961250747,-0.3414458148125444,0.114745955327694,0.0031646008213001065,-0.5672670858404114,-0.11562454378467737
shifted,371,-8.870351962203935e-05,-0.3445630466407849,0.11762344743917015,0.003659672474989023,-0.5760440533989897,-0.1130820398825802,-0.3445445074122829,0.1191203680652314,0.00410657827356204,-0.5789746696343545,-0.11011434519021118
shifted,372,-0.021082797464793985,-0.17546781022584731,0.12011688299474173,0.145124974596935,-0.4118558570790034,0.06092023662730875,-0.17692191278741687,0.12020626999717966,0.14213204870965931,-0.41348914166062994,0.05964531608579621
shifted,373,-0.053663005230684416,-0.4925313637817076,0.116771748368069,3.278236696902301e-05,-0.7223362407994073,-0.2627264867640079,-0.49538494967439695,0.11674860333154646,2.9514137372781328e-05,-0.7251474534573521,-0.2656224458914418
shifted,374,0.05563785078115033,-0.3309994374105273,0.1224786888315632,0.007277883277613989,-0.5720354792406847,-0.08996339558036992,-0.3313413829263952,0.1224612034091737,0.007211639652865256,-0.5723463449443233,-0.09033642090846711
shifted,375,-0.09768156419575727,-0.19635550994169435,0.11306548246107485,0.0834853053808413,-0.4188665167137672,0.026155496830378516,-0.20013811187062164,0.11238471405335014,0.07596564666308858,-0.42131243474024627,0.02103621099900299
shifted,376,-0.052817905600605196,-0.3130855244416335,0.11838714837376887,0.008613902589965644,-0.5460694820574427,-0.08010156682582434,-0.3210469675122115,0.11723897988959019,0.006548046391302569,-0.5517745376219357,-0.09031939740248732
shifted,377,0.07053880658032026,-0.40517443657879454,0.11963586229953671,0.0008026326329121317,-0.6406158426284223,-0.1697330305291668,-0.4061763793856383,0.11960148281919529,0.0007770304433907251,-0.6415533806046935,-0.1707993781665831
shifted,378,0.01898099033549111,-0.5101959162524592,0.11535712492924584,1.3689982872933665e-05,-0.7372168376479443,-0.28317499485697406,-0.5110790551023977,0.11607446805679288,1.4928284302417215e-05,-0.739514853432818,-0.28264325677197744
shifted,379,0.009613300616639744,-0.2968382360390409,0.10985974035500401,0.007289246869502757,-0.5130403951597625,-0.08063607691831931,-0.29741791626537895,0.11033577170775836,0.0074287371379287105,-0.5145598986187476,-0.08027593391201024
shifted,380,-0.061677006409196974,-0.40130300168490746,0.11140681012971528,0.0003698469419407057,-0.6205497686348678,-0.1820562347349471,-0.39887817585707047,0.11184773174671028,0.0004221247067319859,-0.6189957117867233,-0.1787606399274176
shifted,381,-0.029686802993277084,-0.12780881457822216,0.11218204332846779,0.25549678845825996,-0.3485812276916519,0.09296359853520761,-0.13350680883145566,0.1118914254930592,0.23375368530782387,-0.35371033452265005,0.08669671685973873
shifted,382,-0.019597070547908605,-0.2244593284212042,0.11273779429875619,0.04739848402762751,-0.4463254502883732,-0.0025932065540351934,-0.22525356742256789,0.11282351862721005,0.04679381866561818,-0.44729146240084683,-0.0032156724442889695
shifted,383,0.013009449439041046,-0.18440967854545523,0.11095610573187815,0.09756668211734146,-0.4027694666656577,0.03395010957474723,-0.1846467157996015,0.11100098599808707,0.09727690163359613,-0.40309784701245666,0.0338044154132536
shifted,384,0.007930766738743537,-0.47262888122268515,0.11480805353014617,4.985404668515161e-05,-0.698569239150487,-0.24668852329488328,-0.471568454157615,0.1155704864752408,5.788312290697443e-05,-0.6990124113290532,-0.2441244969861768
shifted,385,0.09812221267540876,-0.6497835070463166,0.11769694111636468,7.364255268749552e-08,-0.8814091481504595,-0.41815786594217375,-0.631964985499796,0.11740905010578918,1.4961645419828243e-07,-0.8630272556194365,-0.4009027153801554
shifted,386,-0.006066484817507266,-0.256051205123004,0.12091330314124606,0.0350360752274181,-0.49400659370375805,-0.018095816542249954,-0.25504287096116707,0.12004675513801204,0.034454497632632794,-0.49129617288033467,-0.018789569041999493
shifted,387,-0.03747212348792583,-0.3566691098088044,0.12357965276356071,0.0041858355663106465,-0.5998718305191659,-0.11346638909844287,-0.3523811846296726,0.12326994292738028,0.004557061158806412,-0.5949777546952248,-0.10978461456412039
shifted,388,0.013522221432978506,-0.6524263044987886,0.11288533564107037,1.892399701213706e-08,-0.8745827852969438,-0.4302698237006334,-0.6524290784654869,0.11308162834012889,2.0020492950987228e-08,-0.874974936127675,-0.4298832208032989
shifted,389,0.06499026806415274,-0.42235307206220224,0.1173130036710231,0.00037246845007123585,-0.653223130599138,-0.19148301352526656,-0.4172817141966733,0.11824031071898483,0.00048327344263991034,-0.6499799141204726,-0.184583514272874
shifted,390,-0.0594845624983639,-0.19252863401869308,0.11090293010787755,0.08359906738272925,-0.41078377338691074,0.025726505349524587,-0.19050818961500599,0.11101215299430388,0.08718963657276073,-0.40898129759621027,0.027964918366198327
shifted,391,-0.05847180201542719,-0.29834543691851295,0.10980347289714683,0.006972453902249708,-0.5144368626091569,-0.08225401122786907,-0.2998879841296385,0.10968274713126039,0.006631173906892041,-0.5157448071111055,-0.08403116114817158
shifted,392,0.006752406568201583,-0.27526584446658947,0.11258447417410639,0.015067291568208309,-0.4968302348543391,-0.05370145407883986,-0.2754757558831867,0.11249898020459842,0.014917512365135374,-0.49687495576426377,-0.05407655600210959
shifted,393,-0.08137544694857654,-0.203019458060094,0.11534770215652698,0.0794261459305665,-0.430021835594105,0.023982919473917036,-0.20544543832314915,0.11505024668440131,0.07517120651874452,-0.4318655580053169,0.020974681359018588
shifted,394,0.05604326028038808,-0.3489770042516934,0.11434937779319687,0.0024799333676343866,-0.5740146958856894,-0.12393931261769742,-0.3421946899582066,0.11497502964091436,0.003158750417924151,-0.5684667816918975,-0.11592259822451581
shifted,395,0.004867898648264377,-0.39431565375951017,0.11781563861254815,0.000922426557342887,-0.6261748895806454,-0.1624564179383749,-0.3942610528849713,0.117992396079796,0.0009405104435593754,-0.6264713541393303,-0.16205075163061228
shifted,396,-0.07837487341988206,-0.29725310935730864,0.12921237559308338,0.022112752077437348,-0.5515409357991795,-0.042965282915437775,-0.31635466737189316,0.13040728886331515,0.015868200333404744,-0.5729976108056001,-0.05971172393818619
shifted,397,-0.008140203004631247,-0.329623300632704,0.11398054242138857,0.004111712976367626,-0.5539351303314054,-0.10531147093400264,-0.32835018922723636,0.11386186945387164,0.004217815861657508,-0.5524315697713456,-0.1042688086831271
shifted,398,0.022869069114163462,-0.25424818604467847,0.11022341240726233,0.02176172973407477,-0.47116604577288407,-0.03733032631647287,-0.25796265989781864,0.11076129553756288,0.020532242568511275,-0.47594207771307073,-0.03998324208256651
shifted,399,-0.07891559654149011,-0.3569318177777679,0.11004033421121114,0.0013146628475285492,-0.5734893826322892,-0.14037425292324657,-0.35570369717412226,0.10988480101373782,0.0013447852145375796,-0.5719581643638478,-0.13944922998439663
shifted,400,-0.022737297505530857,-0.37524969597643015,0.11400594571237559,0.001116803573685555,-0.5996115189332842,-0.150887873019576,-0.37700621619552943,0.11445006697717977,0.0011074010624139584,-0.6022451757754275,-0.15176725661563145
shifted,401,0.07788193439888974,-0.2873881825610673,0.11969467147130078,0.01696463768958116,-0.5229453240918678,-0.05183104103026687,-0.2750056069691195,0.11939625540527884,0.021954899122443982,-0.5099787184359998,-0.04003249550223925
shifted,402,-0.0008781798790688008,-0.5862157851022127,0.11530373047950158,6.55004362815074e-07,-0.8131316271002547,-0.3592999431041708,-0.5862184917397086,0.11555949514919876,6.92854011895608e-07,-0.8136408178635861,-0.35879616561583116
shifted,403,-0.04379227637378837,-0.2710730848889233,0.11956494409472618,0.024099018082012827,-0.5063749250798346,-0.035771244698011906,-0.26424109921311695,0.12048301437717608,0.029072104757243145,-0.5013529639949521,-0.027129234431281762
shifted,404,-0.07906101547840548,-0.37188613959575584,0.1162866523658199,0.00153321319230683,-0.6007363556728036,-0.14303592351870809,-0.38018247634608554,0.11645692697113913,0.001224861638674851,-0.6093709579227863,-0.15099399476938477
shifted,405,0.006638059472421194,-0.43374613213109203,0.11281871631100801,0.00014772723370113825,-0.6557715071852129,-0.21172075707697116,-0.4343047013994435,0.11337406278980622,0.00015601301385837843,-0.6574260731957017,-0.2111833296031853
shifted,406,0.04357737944792498,-0.41698769926740775,0.11412606387561575,0.00030545488651607835,-0.6415859127906169,-0.19238948574419856,-0.4215539388873811,0.1141615787128799,0.0002642475303375448,-0.6462251504683646,-0.19688272730639753
shifted,407,-0.05682278773144075,-0.2702331737219161,0.11650281335149874,0.021043726958153694,-0.4995087910576088,-0.04095755638622334,-0.2701064642934182,0.11649953393710945,0.02110225640843583,-0.49937879683621694,-0.04083413175061951
shifted,408,0.0513413703203569,-0.3174515923275218,0.11272530882353582,0.00518562962602865,-0.5392931429851506,-0.09561004166989295,-0.32337691256206746,0.11297156726353161,0.004503573600173041,-0.5457061688448264,-0.10104765627930859
shifted,409,-0.04011501372017864,-0.4260824586060423,0.114980869399825,0.0002514125573122921,-0.6523629153182957,-0.199802001893789,-0.4226099800335399,0.1148222188506511,0.00027647433982675053,-0.6485813384927073,-0.19663862157437254
shifted,410,0.11925209607243678,-0.20141522681263824,0.11147229206751273,0.0717954913738561,-0.4207908611373937,0.01796040751211722,-0.1907817079102626,0.11129053146922387,0.0875264401758228,-0.4098026677164284,0.028239251895903206
shifted,411,-0.01962529133251791,-0.29406370088536127,0.116193114910536,0.011895925025150429,-0.5227298367914047,-0.06539756497931784,-0.29383372999541085,0.1165752752198308,0.012242836475418278,-0.5232551221951236,-0.06441233779569813
shifted,412,0.05638716409669577,-0.0162387231695201,0.11598775286679124,0.8887519050605832,-0.24450070995673634,0.21202326361769613,-0.020919480261056826,0.11664036396827733,0.8577853866786458,-0.2504689678159551,0.20863000729384146
shifted,413,0.07248253480989522,-0.3629794786798331,0.1114574166134876,0.0012578260470848272,-0.5823258383561346,-0.1436331190035316,-0.36489601004292943,0.11150017710321823,0.0011917871856687498,-0.5843295547057802,-0.14546246538007868
shifted,414,-0.029787318360402743,-0.10369707016252248,0.11480771827986522,0.3671390780089758,-0.3296367683232946,0.1222426279982496,-0.10621302100486261,0.11497151034077151,0.35633232149320593,-0.33247818671811885,0.12005214470839361
shifted,415,-0.04660853195658433,-0.5719997859571081,0.1154854312767226,1.2283891505303928e-06,-0.7992732121306286,-0.34472635978358757,-0.5747852080523609,0.11623770872987459,1.2785859894678227e-06,-0.8035422657785785,-0.34602815032614337
shifted,416,0.04447277209120306,-0.6702569928316933,0.1135227093739762,9.67385560079834e-09,-0.8936678146357144,-0.4468461710276721,-0.6796240760499891,0.11330933853084917,5.817099628682522e-09,-0.902618069810287,-0.45663008228969115
shifted,417,0.05053410482155707,-0.18442566468438873,0.10940571678084876,0.09290305522168939,-0.3997343128910405,0.03088298352226304,-0.17640614311629357,0.11076287457480599,0.11230672244977402,-0.39438866849377935,0.0415763822611922
shifted,418,0.029066025854435892,-0.41468574723130164,0.1143669560548071,0.00033873133404205264,-0.6397580325945513,-0.18961346186805197,-0.41954538239071726,0.1130631399759831,0.00024682443111172643,-0.6420548547539315,-0.19703591002750298
shifted,419,-0.03186623880111246,-0.34619745241300554,0.11896903491848967,0.0038877833881987528,-0.5803265531624632,-0.11206835166354792,-0.34081768189547385,0.11994329701595952,0.004802114337248844,-0.5768673771205899,-0.1047679866703578
shifted,420,-0.029536946050450145,-0.3423188550602735,0.11356869950751466,0.0027988048454971014,-0.5658201846894282,-0.11881752543111879,-0.34409216104460344,0.11401758517636891,0.0027667609420212783,-0.5684799918010355,-0.11970433028817135
shifted,421,0.07851891333792818,-0.3403666268307834,0.11520142878352208,0.0033819685544556736,-0.5670811407765196,-0.11365211288504717,-0.3466252720065186,0.11561689427697712,0.002947587059234072,-0.5741605602296158,-0.11908998378342134
shifted,422,-0.03504183816794473,-0.5652467740385039,0.1214404177548847,4.900300251873908e-06,-0.8042395154948837,-0.32625403258212404,-0.561134835616196,0.121240011096338,5.522935099637485e-06,-0.7997364780620619,-0.32253319317033013
shifted,423,-0.056787400147942216,-0.1792553441773262,0.11375213057603406,0.11612685011162675,-0.4031176631273692,0.0446069747727168,-0.17569768032482475,0.11379012703616619,0.12364455630877554,-0.3996378710212693,0.04824251037161981
shifted,424,-0.01851527142928767,-0.3352623728663141,0.1129316199672098,0.0032340390816127432,-0.5575099404557948,-0.11301480527683341,-0.3350112322487402,0.11325587102907529,0.003346094796527242,-0.5579000013919719,-0.1121224631055085
shifted,425,0.04993201409699988,-0.34595621681089744,0.11730195574431168,0.003438329462909719,-0.5768045332100755,-0.11510790041171937,-0.3543353686405749,0.11781290969984692,0.002859124484870537,-0.586192438773745,-0.12247829850740477
shifted,426,-0.07461441133496301,-0.4644461275107359,0.1099734686199757,3.205562817036457e-05,-0.6808721019832913,-0.24802015303818042,-0.4718824807074598,0.10951000030419812,2.2342109244242322e-05,-0.687399336080118,-0.2563656253348016
shifted,427,-0.014946278142315488,-0.3869376849723316,0.1108853600890893,0.0005571945604973138,-0.6051582468330334,-0.16871712311162976,-0.38467281631954564,0.11115795307504998,0.0006182991815091485,-0.6034328604237359,-0.16591277221535536
shifted,428,0.024811093404013922,-0.4041861022300656,0.11240510899589232,0.000378587722876984,-0.6253975049020638,-0.18297469955806742,-0.4053855935461255,0.11283512962524428,0.0003830903830427995,-0.6274463390930933,-0.1833248479991577
shifted,429,0.03427601776188094,-0.4196587299438793,0.11068298998486516,0.00018134313153891029,-0.6374810307734394,-0.20183642911431918,-0.41752698917531506,0.11090786542755521,0.00020114812289529957,-0.6357948581064079,-0.1992591202442222
shifted,430,0.20703367758549696,-0.3193776750303439,0.1120861688722086,0.0046864981731083504,-0.5399614087933512,-0.09879394126733662,-0.333137270018821,0.10981522138734597,0.0026306729544758626,-0.5492548037573886,-0.11701973628025344
shifted,431,-0.08325347702986248,-0.4490147837177357,0.10948233056104854,5.31071316242649e-05,-0.6644742065816374,-0.23355536085383397,-0.46192267942782905,0.11017833016387153,3.6479760629964986e-05,-0.6787548151338665,-0.24509054372179165
shifted,432,-0.02162261656715708,-0.3100755151980819,0.11276346982789875,0.006329049912839124,-0.5319921660836088,-0.08815886431255501,-0.3106044594492122,0.11281975876987464,0.00626813908011925,-0.532634954987921,-0.08857396391050346
shifted,433,-0.023643690012885746,-0.5704925517487581,0.12301829401973637,5.292670732617075e-06,-0.8125905276994476,-0.32839457579806863,-0.5728440013673276,0.122524532888559,4.4652380193197016e-06,-0.8139735964800561,-0.3317144062545991
shifted,434,0.08349622724666758,-0.3540375891412266,0.11658737761077384,0.002604231634405007,-0.5834796275460084,-0.1245955507364449,-0.34858885490776953,0.1159608893966868,0.0028730319796919433,-0.5768011292166803,-0.12037658059885878
shifted,435,0.12022086368160403,-0.32406462538014447,0.10973906735031061,0.003397836834749432,-0.5400293020156719,-0.10809994874461709,-0.30858714118685715,0.1106785555331902,0.005644388181733856,-0.5264037257859063,-0.090770556587808
shifted,436,-0.032011387362869674,-0.4215453310084554,0.11860446279455973,0.0004408885987653742,-0.6549569598242075,-0.18813370219270326,-0.41919723796681657,0.11930808307566665,0.0005112082075169969,-0.653996825343147,-0.18439765059048616
shifted,437,0.034993322808337,-0.13806908916514649,0.11872577651959892,0.24579374279063604,-0.3717194613931778,0.09558128306288483,-0.13525336049873193,0.11893398168358232,0.25636867441197314,-0.36931671232224905,0.09880999132478516
shifted,438,0.0768097297687535,-0.37439115771466697,0.12199979996201174,0.002347682810028351,-0.6144847541390612,-0.13429756129027276,-0.3589508395342386,0.12080699816966597,0.0032088678531260275,-0.5967003078952462,-0.12120137117323102
shifted,439,-0.18283739536373078,-0.3438847753425703,0.11592149884416086,0.003256469500232506,-0.57201637530476,-0.11575317538038052,-0.36381145865959075,0.11470755789547206,0.0016749227711136956,-0.5895571631289347,-0.13806575419024686
shifted,440,-0.08833616672389288,-0.35225668324355935,0.11685806440145029,0.002797042477052894,-0.5822314287929292,-0.12228193769418949,-0.3452130011903945,0.11649067221732712,0.003289254338857,-0.5744678937735971,-0.11595810860719194
shifted,441,0.04539896877594899,-0.48764329556994473,0.11211025456177585,1.8764027544504575e-05,-0.7082744295732177,-0.26701216156667174,-0.4825998428818355,0.11255732944293294,2.447116869885145e-05,-0.7041138746898993,-0.2610858110737717
shifted,442,0.041407508313991946,-0.2915063770079689,0.11042693746201475,0.008733408769355905,-0.5088247706909285,-0.07418798332500928,-0.28057146740320704,0.11282775170456735,0.013443611633432356,-0.5026176931231356,-0.05852524168327841
shifted,443,-0.05327018890219283,-0.5636620024656087,0.11809107889973378,2.8509342257999765e-06,-0.7960633002341502,-0.3312607046970673,-0.5626156087708918,0.1181910907775355,3.0297780829092006e-06,-0.7952169433219094,-0.3300142742198741
shifted,444,0.049143567568019485,-0.5180958375972029,0.11540729768777044,1.0236989598786786e-05,-0.7452154981548871,-0.2909761770395187,-0.5123121681386088,0.11561581480859377,1.3213370539998573e-05,-0.7398453319563476,-0.28477900432087
shifted,445,0.025698286389380046,-0.305533256824155,0.10761624252472088,0.004836184854024734,-0.5173202491756628,-0.09374626447264717,-0.3035095538834353,0.1076398138314423,0.005131603606107369,-0.5153458622151913,-0.09167324555167936
shifted,446,0.01108317085602199,-0.18392205208269038,0.1066374784538364,0.08561448570959795,-0.3937828528674677,0.025938748702086956,-0.18321499231159596,0.10687963870732156,0.08753549984867189,-0.3935552678442657,0.02712528322107377
shifted,447,0.014627453883708856,-0.5713750879422155,0.12359434136683023,5.649142226052384e-06,-0.8146067155818222,-0.32814346030260877,-0.5713559360876902,0.12381322388203594,5.872138300914333e-06,-0.8150216889000783,-0.3276901832753021
shifted,448,-0.0038336421371531508,-0.3601334203829011,0.11694534306644078,0.0022673827637787925,-0.590279928907089,-0.12998691185871314,-0.359871650679422,0.11745037023962068,0.0023848229265011015,-0.5910152392657068,-0.12872806209313725
shifted,449,-0.05392131049772365,-0.30557930893701946,0.11640807676293034,0.009111566559293141,-0.5346684862271592,-0.07649013164687965,-0.31247155626478584,0.11627286687458714,0.007608451515700446,-0.5412978055969584,-0.08364530693261327
shifted,450,0.09767055179312233,-0.5255492882518742,0.12806092439109734,5.253520576209056e-05,-0.7775710776979623,-0.27352749880578614,-0.5268176008951964,0.12749737191341193,4.685733167536669e-05,-0.7777337965552145,-0.2759014052351783
shifted,451,0.13079859191609913,-0.34417431115278785,0.10798753464374215,0.001589880741465443,-0.5566920002776314,-0.13165662202794426,-0.3555723649768649,0.10700345847370998,0.0010024177988218496,-0.5661563191380697,-0.14498841081566002
shifted,452,-0.03615811310012533,-0.4344337685606912,0.11797593692585835,0.000274424690081271,-0.6666084688215665,-0.2022590682998159,-0.4428931049984272,0.11730893530209067,0.0001930044571479784,-0.6737583481104026,-0.21202786188645187
shifted,453,0.03429691550980034,-0.4088282907411196,0.11234399870313677,0.00032259732731458016,-0.629919429363744,-0.18773715211849518,-0.40944589888796035,0.11248806944626415,0.00032177838737575316,-0.6308236262795899,-0.18806817149633082
shifted,454,-0.004113330073780264,-0.30316621541784483,0.11554159439163193,0.009142954606083251,-0.5305501696762407,-0.07578226115944894,-0.30293107230382366,0.11608217017782631,0.009524964814550388,-0.5313820284910626,-0.07448011611658473
shifted,455,0.017074733816181974,-0.5315712901049362,0.11731084263132302,8.504883500351346e-06,-0.7624370957513444,-0.30070548445852796,-0.531388310715726,0.1174436671444454,8.770608796224903e-06,-0.762518707538798,-0.300257913892654
shifted,456,0.04258492395421666,-0.3711170050632328,0.12108091485722383,0.0023764083851173265,-0.6094022507396911,-0.13283175938677452,-0.36310032491127125,0.12212311745776457,0.003189080233032853,-0.6034399301499922,-0.12276071967255026
shifted,457,0.028026758430868767,-0.34563372190923475,0.11488370585361461,0.0028497621339702533,-0.5717229623632789,-0.11954448145519059,-0.3461990560785655,0.11501426718816671,0.0028369185530849627,-0.5725483677261717,-0.1198497444309593
shifted,458,-0.029804470455553966,-0.4449434101797028,0.11403446841795815,0.00011814478802320328,-0.6693613653512426,-0.220525455008163,-0.445487518679844,0.11422873251752516,0.00011909989663463976,-0.6702908896687652,-0.22068414769092276
shifted,459,-0.07263577153756562,-0.3909064594391018,0.11906605868804823,0.0011493518272797753,-0.6252265013686205,-0.15658641750958308,-0.3961223881256676,0.11895466843491584,0.0009783484265161173,-0.6302264516977272,-0.16201832455360796
shifted,460,0.012694345901442264,-0.2757712348315549,0.10953533195880416,0.01234021430618835,-0.4913349635730616,-0.06020750609004824,-0.276711322506437,0.11003677430903934,0.01244281352699503,-0.4932648747716171,-0.06015777024125685
shifted,461,-0.06456722568284212,-0.4452090558532968,0.11472237686735408,0.00012832527946497695,-0.6709808035202146,-0.21943730818637894,-0.44286237958911834,0.11464225534301797,0.00013763254749403782,-0.6684795679346962,-0.2172451912435405
shifted,462,-0.03922547461373511,-0.2494856102585285,0.11579883061152595,0.032006975570801975,-0.47737580115980577,-0.021595419357251233,-0.24757064968743125,0.11607000570539908,0.033751942173855055,-0.47599766606243843,-0.019143633312424108
shifted,463,-0.047516744255026166,-0.2942609224431594,0.11335751411420057,0.009904311277347215,-0.517346642697472,-0.07117520218884682,-0.2944395420663242,0.11342146214251657,0.009902777598073252,-0.5176541962971952,-0.07122488783545317
shifted,464,0.01155147215108892,-0.18803011647151815,0.11375515442159975,0.09940030238832272,-0.4118983862998177,0.035838153356781394,-0.18793471538316675,0.11397382817213816,0.1002231143957219,-0.4122364318858673,0.03636700111953378
shifted,465,0.02180768853109303,-0.15627347495092714,0.12188200264198466,0.2007828346403543,-0.39613524819017465,0.08358829828832035,-0.1557369798502515,0.12228273493228728,0.20381109532367445,-0.3963907139911377,0.08491675429063464
shifted,466,0.05430175878946917,-0.22988126315813343,0.12122670167378123,0.05889173669447123,-0.4684534148877937,0.008690888571526834,-0.2320739391929391,0.12153236825004035,0.057155831612903746,-0.47125094365356723,0.007103065267689029
shifted,467,0.03817522775259063,-0.29102251298939313,0.11618218642533103,0.01278482754035167,-0.5196671418165959,-0.062377884162190395,-0.2900717561625833,0.11624049736533887,0.013124410920726724,-0.5188343019533097,-0.061309210371856826
shifted,468,-0.052560947768744475,-0.3558126747249284,0.12123236426980832,0.0035962265572680864,-0.5943959703502808,-0.11722937909957595,-0.3544891292118435,0.1213988680273416,0.003768845618222044,-0.5934034038020701,-0.11557485462161682
shifted,469,0.027703613910176186,-0.26211884846171135,0.1143754855674039,0.02262032242587879,-0.48720791976523103,-0.037029777158191696,-0.2643569296078597,0.11465796346804637,0.02182347523478796,-0.49000503171200316,-0.03870882750371632
shifted,470,0.07224011435262995,-0.40509303021093435,0.11496040394470365,0.0004924718823427296,-0.6313332112446695,-0.17885284917719918,-0.4119164640460753,0.11500119963236735,0.00039870899105860677,-0.6382400586036855,-0.1855928694884651
shifted,471,0.027800300477426307,-0.5583129743212147,0.11536963042631355,2.0970122543943194e-06,-0.7853585063289057,-0.33126744231352373,-0.5589617682917308,0.11542321295883105,2.0674377479328735e-06,-0.7861158896029906,-0.33180764698047105
shifted,472,-0.07354550141811626,-0.20752601461711948,0.11875011312409142,0.08156923984565266,-0.4412242808818556,0.026172251647616634,-0.20462852718548072,0.11886719464923592,0.08620698461005406,-0.43856044140894285,0.02930338703798141
shifted,473,-0.051246359163920584,-0.41540314007141327,0.12317105821083778,0.0008434369860251436,-0.6578017534334577,-0.1730045267093688,-0.4115365592359522,0.1234247049301564,0.0009639423307309433,-0.654437702583185,-0.16863541588871947
shifted,474,-0.030390231003298622,-0.18796197369497444,0.11131485664309439,0.09235311358271964,-0.407027777698164,0.031103830308215147,-0.19510664432620853,0.11229898413837854,0.0833592693098202,-0.41611224980349715,0.025898961151080063
shifted,475,0.020858847313175777,-0.28260516536464175,0.11816574107139113,0.017397184393223367,-0.5151533970569736,-0.0500569336723099,-0.27917341780126387,0.11831772545716417,0.018947598012873827,-0.5120239707602706,-0.046322864842257144
shifted,476,-0.005818285885146855,-0.2516943800546743,0.12151491855299738,0.03919368342804836,-0.49083373785436724,-0.012555022254981424,-0.2524601856606811,0.12231537300234119,0.039887998632611416,-0.49317815187355984,-0.011742219447802377
shifted,477,0.02685224395371485,-0.4600350011542503,0.10352044359231753,1.248618926146402e-05,-0.6637615286835361,-0.25630847362496445,-0.46006014998997646,0.10361098538016038,1.270005657034042e-05,-0.6639676807101512,-0.2561526192698017
shifted,478,-0.008818315938021326,-0.19866947583145464,0.11424129378792108,0.08306495394094986,-0.42349445992371126,0.026155508260801957,-0.198291395540274,0.1143489087307977,0.08394310961791951,-0.4233312746061119,0.026748483525563915
shifted,479,0.09940228609103349,-0.5554889494986393,0.11289955756769009,1.4347995466846301e-06,-0.7776734188140811,-0.33330448018319736,-0.5655426014470807,0.11278804688614641,9.189427962388436e-07,-0.7875106876584215,-0.3435745152357399
shifted,480,0.0011075234554802865,-0.6057448198136091,0.11637506447399902,3.6247518314512856e-07,-0.834769029462997,-0.37672061016422104,-0.6058115575650322,0.1166143972201583,3.81757293586131e-07,-0.8353099422810727,-0.3763131728489918
shifted,481,-0.02713602933278814,-0.23369346512684333,0.11237224772247731,0.03841642505384348,-0.45484019735413794,-0.012546732899548718,-0.23492027786527164,0.11271111903023504,0.03799296016321261,-0.45673696923093143,-0.013103586499611852
shifted,482,-0.029181197435575866,-0.2079428052228581,0.11321973648537208,0.06726373512148731,-0.4307573813734708,0.014871770927754602,-0.20641508241302056,0.11345725401735915,0.06987276382891727,-0.4297001754375409,0.016870010611499814
shifted,483,0.05718963981480232,-0.3629840150818492,0.11609846258595122,0.0019441146357065257,-0.5914638767724713,-0.13450415339122712,-0.3643850167999479,0.11635827407448165,0.0019125905592887922,-0.5933793484177229,-0.1353906851821729
shifted,484,-0.044930978411905464,-0.3788319478060293,0.11853888473164141,0.001544383663998289,-0.6121145200743322,-0.14554937553772643,-0.37769450042345637,0.11853023686710756,0.0015940561504355273,-0.6109632781169585,-0.14442572272995427
shifted,485,0.04460442531443899,-0.3699865273322027,0.12047063214829101,0.002329543337861322,-0.6070707466916594,-0.132902307972746,-0.35499108394691264,0.12312108367676657,0.00422421311474473,-0.597294697410362,-0.11268747048346325
shifted,486,0.0885050391263177,-0.3321769049262983,0.11438294977716973,0.003959739356977812,-0.5572806656716671,-0.10707314418092956,-0.32229802750233727,0.11416164603670689,0.0050774628782143515,-0.5469693715773346,-0.09762668342733996
shifted,487,0.01592256731438243,-0.2653248871696396,0.11645521834842806,0.023416209697022145,-0.49450683832339903,-0.03614293601588017,-0.26663913035623565,0.11728401322015305,0.023715428990139724,-0.49745532654360486,-0.03582293416886645
shifted,488,0.16096277970077646,-0.14196342689796998,0.11462989166964078,0.21652709458473549,-0.3675531652194469,0.08362631142350696,-0.11881146742526957,0.1133387001416802,0.2953616556288821,-0.34186324515066113,0.10424031030012201
shifted,489,0.0401582702656083,-0.2966781131492939,0.12659920648481768,0.01976611474281981,-0.5458232658370766,-0.04753296046151115,-0.2978159202435705,0.12672473902639197,0.01942483697516649,-0.5472115660934754,-0.04842027439366561
shifted,490,0.055436493557029176,0.0722842299253858,0.10853939575292938,0.5059457349039925,-0.14131951277063393,0.28588797262140553,0.06353193032828822,0.10998725259669861,0.5639531084083593,-0.15292416267575873,0.2799880233323352
shifted,491,0.020531488124471507,-0.2816294781790625,0.11072644611217912,0.011482658504471952,-0.4995372999512531,-0.06372165640687183,-0.27960746194511477,0.11118622544423269,0.012441075718116031,-0.49842314637514984,-0.060791777515079665
shifted,492,-0.07235897181495819,-0.4119324991763057,0.10918554001795051,0.00019486343343550508,-0.6268078431409031,-0.19705715521170827,-0.4120962692583712,0.1090940076309273,0.00019153298856844762,-0.6267944465874502,-0.19739809192929214
shifted,493,0.077036020640926,-0.2165969439097529,0.11181791674745631,0.05368730495221683,-0.43665276191060065,0.003458874091094827,-0.21832388395633093,0.11173989119763321,0.05165961939901659,-0.43822918852853526,0.0015814206158734079
shifted,494,0.04342696540063508,-0.3312046799168692,0.11476298375649127,0.004187889405294295,-0.5570563412726258,-0.1053530185611126,-0.3257691991855681,0.11482140752522663,0.0048656266358243815,-0.5517389609475966,-0.09979943742353967
shifted,495,0.07983601318477372,-0.3994949585873843,0.11636568191408465,0.0006815349559953775,-0.628500703513435,-0.17048921366133363,-0.39626938862680283,0.11614906552002902,0.0007353639819559173,-0.6248519955651198,-0.16768678168848586
shifted,496,0.05813339642657688,-0.48412823745165406,0.11464319481988776,3.2101708690307633e-05,-0.7097441561536526,-0.25851231874965547,-0.47977747498439743,0.11462529113524131,3.753915780654337e-05,-0.7053612775870864,-0.2541936723817084
shifted,497,0.053179652728247234,-0.4161803545690704,0.11136741968182744,0.00022331984320246372,-0.6353496017665303,-0.19701110737161046,-0.4151668942979605,0.1115346305444427,0.00023624292770607142,-0.634668243702742,-0.195665544893179
shifted,498,-0.049746516996517484,-0.37165816360464315,0.1124860375202848,0.0010697091811238946,-0.5930288322793787,-0.15028749492990756,-0.37959117519056534,0.1128230423373083,0.0008679581440400854,-0.6016281328252082,-0.15755421755592247
shifted,499,-0.14329275563727284,-0.3955785671223848,0.10780774853992692,0.0002882234774121458,-0.6077424401568285,-0.18341469408794112,-0.3988924019981924,0.10682787452550482,0.0002260362510359662,-0.609130805065744,-0.18865399893064086
shifted,500,0.06485758485361734,-0.19457958474637943,0.11384258592526256,0.08845876264309468,-0.4186199183334862,0.029460748840727358,-0.1799165411320812,0.11639769042612418,0.12324416711951475,-0.40898844455272954,0.04915536228856715
